timestamp,Code Coverage
2022-05-09 03:16:19.516492,60.50452
2022-05-09 03:08:53.381502,60.47983
2022-05-07 06:46:18,60.45205
2022-04-01 03:06:52,60.92197
2022-03-23 04:49:23,60.87298
2022-03-16 08:06:53.576793,60.88869
2022-03-16 06:54:46,60.89093
2022-03-16 02:13:34.122070,60.87571
2022-03-15 14:04:29,60.89436
2022-03-15 13:01:11,60.90646
2022-03-15 07:18:56,60.90646
2022-03-15 03:55:20,60.88089
2022-02-25 08:53:12,60.84272
2022-02-25 08:44:57,60.87240
2022-02-06 04:04:56,60.83002
2022-02-06 03:34:33,60.88451
2022-01-29 07:56:03,60.86722
2022-01-24 13:34:27.772524,60.51479
2022-01-23 08:58:22,60.84857
2022-01-23 08:51:27,60.82074
2022-01-23 08:51:04,60.82523
2022-01-21 08:25:33,60.83871
2022-01-12 03:30:28,60.89623
2021-12-29 11:44:05,60.87425
2021-12-22 05:27:16,60.89672
2021-12-21 06:10:48,60.86263
2021-12-20 05:45:49,60.89183
2021-12-17 07:44:37,60.84466
2021-12-17 06:00:57,60.85589
2021-12-16 08:51:28.419212,60.81096
2021-12-16 06:58:16,60.88285
2021-12-16 06:56:29,60.83889
2021-12-15 06:25:17,60.82590
2021-12-13 02:44:59,60.85784
2021-12-06 05:31:47,60.87132
2021-11-28 15:19:24,60.83938
2021-11-18 12:09:45,60.81867
2021-11-10 05:40:37,60.82493
2021-11-09 02:35:32,60.81154
2021-11-04 09:34:27.426932,60.86653
2021-10-28 07:57:34,60.61696
2021-10-27 12:15:42,60.83418
2021-10-27 12:10:44,60.83642
2021-10-25 05:41:59.060236,60.44744
2021-10-25 04:52:38,60.84317
2021-10-23 14:28:56,60.42496
2021-10-23 14:22:58,60.84767
2021-10-09 08:00:21,60.80944
2021-10-09 07:48:56,60.80720
2021-10-09 07:46:38,60.82518
2021-10-08 15:42:11,60.79820
2021-09-30 02:19:56,60.76897
2021-09-30 02:16:41,60.80045
2021-09-30 02:13:41,60.82694
2021-09-28 09:53:11,60.79331
2021-09-28 09:50:45,60.79905
2021-09-28 09:46:02,60.79363
2021-09-27 11:47:28,60.78003
2021-09-27 11:10:32,60.75038
2021-09-27 11:04:48,60.76291
2021-09-27 11:00:20,60.70938
2021-09-26 15:27:38,60.79040
2021-09-21 16:42:53.120707,60.77249
2021-09-21 16:06:31,60.76573
2021-09-21 16:01:36,60.77699
2021-09-21 15:57:16,60.71847
2021-09-21 15:51:48,60.71485
2021-09-21 15:42:44,60.69950
2021-09-20 15:15:23,60.75368
2021-09-20 15:02:50,60.73342
2021-09-17 12:25:55,60.73567
2021-09-14 04:40:39,61.05984
2021-09-12 16:04:27,61.05519
2021-09-12 13:25:03,61.07283
2021-09-12 12:35:10,61.06607
2021-09-12 12:09:24,61.03879
2021-09-12 12:07:07,61.08057
2021-09-11 13:40:49,61.05579
2021-09-08 06:04:08,61.04364
2021-09-08 04:40:03,61.05491
2021-09-08 03:29:30,61.05844
2021-09-08 02:43:56,61.07871
2021-09-03 13:50:38,61.03428
2021-09-03 10:02:13,61.01603
2021-08-23 05:44:18,61.04668
2021-08-23 05:20:29,61.04943
2021-08-23 05:07:19,61.02790
2021-08-15 14:18:00,61.06394
2021-08-15 09:45:24,61.03890
2021-08-13 07:47:23,61.01863
2021-08-05 15:09:32,61.02764
2021-08-03 07:39:58,61.06593
2021-08-01 02:45:59,61.28449
2021-07-30 16:24:04,61.14691
2021-07-30 14:21:29,61.21249
2021-07-30 13:06:26,61.21701
2021-07-27 12:21:21,61.20345
2021-07-27 10:24:54,61.26085
2021-07-27 08:11:53,61.25435
2021-07-27 05:55:35,61.28200
2021-07-27 03:11:11,61.28427
2021-07-23 02:54:09,61.26165
2021-07-13 14:47:42,61.29331
2021-07-13 07:31:57,61.27464
2021-07-12 02:16:28,61.27654
2021-07-11 14:39:33,61.29913
2021-07-11 13:26:41,61.28775
2021-07-09 03:00:05,61.24241
2021-07-02 05:32:49,60.82366
2021-06-30 03:09:11,61.19087
2021-06-28 11:27:55,61.18177
2021-06-28 11:02:49,61.18228
2021-06-24 08:06:42,61.21882
2021-06-24 08:02:17,61.16801
2021-06-24 07:51:39,61.15435
2021-06-23 02:46:36,61.14892
2021-06-21 02:32:34,61.15575
2021-06-21 02:31:22,61.21237
2021-06-21 02:16:56,61.15597
2021-06-18 03:24:11,61.12565
2021-06-18 03:13:24,61.13298
2021-06-16 12:07:58,61.18354
2021-06-15 09:48:48,61.16079
2021-06-15 09:46:50,61.15624
2021-06-15 09:42:52,61.17390
2021-06-15 09:41:01,61.10315
2021-06-11 09:40:51,61.12994
2021-06-10 16:38:51,61.17543
2021-06-10 16:06:18,61.11629
2021-06-10 15:45:49,61.13954
2021-06-09 10:41:33,60.99975
2021-06-09 03:41:13,61.02705
2021-06-08 09:20:01,60.18523
2021-06-08 08:31:56,60.64261
2021-06-08 08:30:59,60.63350
2021-06-08 08:23:41,60.54560
2021-06-08 02:02:41,60.91645
2021-06-07 07:35:58,60.47523
2021-06-07 07:16:23,60.02689
2021-06-07 07:05:21,60.89028
2021-06-07 06:50:32,60.87700
2021-06-07 06:49:22,60.87700
2021-06-07 06:46:25,60.83825
2021-06-07 06:45:17,60.49639
2021-06-07 06:36:21,60.44990
2021-06-06 04:15:44,60.03282
2021-06-04 08:45:14,60.86927
2021-06-04 05:45:01,60.82824
2021-06-03 10:57:01,60.87611
2021-06-03 09:54:02,60.85103
2021-06-03 09:52:40,60.82596
2021-06-03 09:24:55,60.86699
2021-06-03 09:13:41,60.78266
2021-06-03 08:54:04,60.85193
2021-06-03 08:46:55,60.82914
2021-06-02 15:21:14,60.85876
2021-06-01 15:00:38,59.92660
2021-06-01 14:54:46,59.99498
2021-06-01 14:53:29,59.92432
2021-06-01 14:51:49,59.90836
2021-06-01 06:27:00,59.88418
2021-05-31 12:40:05,59.90242
2021-05-31 12:33:18,59.92248
2021-05-31 12:09:32,59.98769
2021-05-31 12:05:40,60.23264
2021-05-31 04:06:01,60.22351
2021-05-31 02:42:51,60.46071
2021-05-31 02:22:43,60.43440
2021-05-31 02:21:53,60.29294
2021-05-31 02:18:51,60.22582
2021-05-31 02:17:24,60.27372
2021-05-31 02:16:03,60.28788
2021-05-31 02:15:23,60.23313
2021-05-31 02:12:35,60.23541
2021-05-31 02:06:30,60.28959
2021-05-31 02:04:34,60.30009
2021-05-29 09:20:26,60.30740
2021-05-28 10:08:35,60.30284
2021-05-28 09:54:19.059037,59.79659
2021-05-28 09:48:27,60.15689
2021-05-28 09:44:54,60.13181
2021-05-28 09:19:06,59.80569
2021-05-28 09:13:17,60.10217
2021-05-28 06:10:11,60.14640
2021-05-28 02:17:26,60.04834
2021-05-28 02:09:52,59.78385
2021-05-28 02:05:50,60.03922
2021-05-28 01:46:18,60.06430
2021-05-28 01:45:24,60.01049
2021-05-28 01:44:47,60.06749
2021-05-28 01:37:38,60.08618
2021-05-28 01:33:53,60.07297
2021-05-28 01:31:23,60.06248
2021-05-28 01:20:15,59.67253
2021-05-28 01:18:30,59.57816
2021-05-27 08:24:47,59.63972
2021-05-27 03:14:14,59.64604
2021-05-26 15:36:43,59.61867
2021-05-25 12:40:16,59.60688
2021-05-25 12:37:17,59.57495
2021-05-25 02:13:22,59.39481
2021-05-24 15:15:24,59.41533
2021-05-24 14:35:46,59.49171
2021-05-24 02:28:45,59.46994
2021-05-23 13:18:18,59.49275
2021-05-23 08:47:29,59.44627
2021-05-23 06:39:27,59.40879
2021-05-23 06:37:45,59.39054
2021-05-22 10:46:55,59.45163
2021-05-22 08:47:32,59.47216
2021-05-22 08:06:14,59.39688
2021-05-22 08:04:17,59.44251
2021-05-22 07:55:58,59.35397
2021-05-22 07:29:31,59.38021
2021-05-22 07:28:42,59.40260
2021-05-22 07:24:17,59.42677
2021-05-22 07:04:05,59.40617
2021-05-22 07:01:15,59.39247
2021-05-22 06:43:05,59.36366
2021-05-22 06:18:47,59.40931
2021-05-22 06:16:42,59.34803
2021-05-22 06:14:42,59.38998
2021-05-22 06:12:49,59.39819
2021-05-22 06:10:40,59.40090
2021-05-22 06:09:10,59.41916
2021-05-20 15:29:22,59.42466
2021-05-19 14:37:00.306258,59.44335
2021-05-19 14:32:12,59.42922
2021-05-19 14:19:09,59.40868
2021-05-19 14:13:41,59.43243
2021-05-19 14:10:01,59.40504
2021-05-19 13:52:33,59.41433
2021-05-19 12:15:51,59.43853
2021-05-19 11:00:48,59.43711
2021-05-19 08:01:41,59.28405
2021-05-19 01:48:41,59.42506
2021-05-19 01:44:45,59.44328
2021-05-18 00:25:09,59.47206
2021-05-17 14:38:07.177250,59.47070
2021-05-16 12:53:01,59.47015
2021-05-16 12:49:52,59.42443
2021-05-16 12:47:10,59.35357
2021-05-16 11:55:31,59.33757
2021-05-15 12:32:43,59.37321
2021-05-15 12:09:49,59.27721
2021-05-15 12:04:45,59.31649
2021-05-15 11:55:12,59.20038
2021-05-15 08:23:14,59.20818
2021-05-15 08:09:32,59.22461
2021-05-14 17:09:08,59.24697
2021-05-13 14:31:03,59.15454
2021-05-13 14:29:28,59.20020
2021-05-13 04:20:37,59.17297
2021-05-13 04:14:30,59.14225
2021-05-13 04:08:49,59.13892
2021-05-13 03:59:56,59.12599
2021-05-13 03:49:00,59.28562
2021-05-13 03:47:00,59.22441
2021-05-13 03:42:56,59.22330
2021-05-13 03:39:50,59.26045
2021-05-11 03:23:06.891197,59.24753
2021-05-11 03:00:25,59.28153
2021-05-11 02:59:13,59.24481
2021-05-11 02:52:54,59.26402
2021-05-11 02:51:59,59.28468
2021-05-11 02:47:56,59.26632
2021-05-11 02:39:45,59.23647
2021-05-11 02:35:57,59.29386
2021-05-11 02:30:17.251478,59.19075
2021-05-11 02:26:21,59.24566
2021-05-11 02:20:23,59.23298
2021-05-11 02:13:13,59.20772
2021-05-11 02:11:19,59.27687
2021-05-11 02:03:56,58.77691
2021-05-11 02:02:56,59.16745
2021-05-11 01:56:12,59.22785
2021-05-11 01:55:37,59.18189
2021-05-11 01:54:41,59.17500
2021-05-11 01:53:38,59.16858
2021-05-10 13:11:26,59.21222
2021-05-06 16:08:51,59.18925
2021-05-06 13:07:50,58.78150
2021-05-06 03:17:50,59.26164
2021-05-06 03:02:17,59.19910
2021-05-05 12:59:40,59.23586
2021-05-05 12:32:37,59.12645
2021-05-05 12:25:18,59.16860
2021-05-05 12:23:31,59.16024
2021-05-01 04:57:02,59.18785
2021-04-30 05:04:06,59.00828
2021-04-30 03:42:18,59.18588
2021-04-30 03:11:59,59.22406
2021-04-29 11:36:16,59.12511
2021-04-29 11:24:51,59.18264
2021-04-27 14:54:24,59.17240
2021-04-27 03:30:48,59.13810
2021-04-27 03:28:39,59.10671
2021-04-27 03:11:49,59.12387
2021-04-27 03:10:02,59.06444
2021-04-27 03:02:25,59.13904
2021-04-27 03:00:49,59.09572
2021-04-27 02:24:22,59.12105
2021-04-27 02:16:18,59.13298
2021-04-26 04:33:15,59.16887
2021-04-26 03:01:32,59.12691
2021-04-26 02:56:36,59.13726
2021-04-21 14:43:20,59.11424
2021-04-21 13:12:50,59.06590
2021-04-21 12:27:41.165491,59.06631
2021-04-21 12:25:55,58.67437
2021-04-21 12:22:15,59.08526
2021-04-21 11:51:15.169383,58.64523
2021-04-21 11:42:45.590605,59.01239
2021-04-21 11:40:00,59.09855
2021-04-21 11:38:57,59.06170
2021-04-21 11:36:09,59.06631
2021-04-21 11:17:59,59.07227
2021-04-21 11:05:24,58.64293
2021-04-21 10:59:32,59.01375
2021-04-21 10:55:59,58.57505
2021-04-20 01:27:31,59.02066
2021-04-16 04:08:43.935100,59.06442
2021-04-16 03:53:13,59.06442
2021-04-15 08:57:06,59.03448
2021-04-15 08:56:21.892831,58.69129
2021-04-15 08:49:25.318953,58.71824
2021-04-15 08:21:26,58.62944
2021-04-15 05:49:19.123519,59.00389
2021-04-14 02:27:54,58.78044
2021-04-14 02:26:34,58.80578
2021-04-13 06:39:49,59.18452
2021-04-12 09:51:27.324563,59.16421
2021-04-12 09:37:11,59.22368
2021-04-12 09:36:56,59.18682
2021-04-12 09:20:57,59.23981
2021-04-12 09:10:59,58.79751
2021-04-12 08:36:16,59.17385
2021-04-12 08:34:55,59.21992
2021-04-12 08:34:30,59.20840
2021-04-12 08:11:14,59.17615
2021-04-12 03:03:33.617908,59.24390
2021-04-11 12:53:38.935582,59.19515
2021-04-11 12:52:24.062563,59.25823
2021-04-11 12:47:20.166086,59.23449
2021-04-11 10:01:23,59.25106
2021-04-11 09:48:27,59.23031
2021-04-11 08:49:27,59.20349
2021-04-09 02:32:41,59.20579
2021-04-08 09:53:28,59.21186
2021-04-08 07:53:31.410093,59.23749
2021-04-08 07:28:37,59.18650
2021-04-08 07:27:33,59.20956
2021-04-07 11:46:32.752688,59.27164
2021-04-07 11:34:59.691068,59.23245
2021-04-07 11:20:17,59.24628
2021-04-06 07:20:33,59.22554
2021-04-06 06:58:16.654521,59.17713
2021-04-06 03:46:33,59.16970
2021-04-03 07:02:31,59.21865
2021-04-02 11:19:32,59.23102
2021-04-01 13:08:30,59.18005
2021-04-01 12:56:39,59.20773
2021-04-01 11:33:21,59.17472
2021-04-01 02:21:30,59.33166
2021-03-30 06:43:36,59.34363
2021-03-30 03:18:39,59.36577
2021-03-29 06:07:37,59.38423
2021-03-28 08:20:32,59.38979
2021-03-28 07:54:29,59.33244
2021-03-28 07:44:32,59.38373
2021-03-28 07:41:38,59.36425
2021-03-28 07:33:46,59.37118
2021-03-26 10:58:37,59.37514
2021-03-26 10:32:06.177073,59.33108
2021-03-26 09:51:09.159222,59.33360
2021-03-26 08:39:04.791126,59.32341
2021-03-26 08:37:03,59.28872
2021-03-26 08:23:33.164442,59.30704
2021-03-26 03:47:42,59.30464
2021-03-25 16:56:09.999535,59.38877
2021-03-25 15:01:51,59.27213
2021-03-25 02:54:36,59.37014
2021-03-24 07:28:05,59.39176
2021-03-24 07:26:44.330268,58.94722
2021-03-23 04:53:13,59.12127
2021-03-23 04:50:25.395848,59.14661
2021-03-23 03:19:26,59.11604
2021-03-23 02:38:42,59.15453
2021-03-22 07:13:09,59.19217
2021-03-22 00:49:42.343331,59.18756
2021-03-22 00:41:39,59.23225
2021-03-18 15:06:15,58.71478
2021-03-18 14:53:03.991832,58.65873
2021-03-17 07:57:23.147949,58.71413
2021-03-17 07:13:42,58.63310
2021-03-16 13:34:16.603223,58.73573
2021-03-15 14:27:01,58.72765
2021-03-15 13:59:35.056214,58.73793
2021-03-15 00:23:44,58.72713
2021-03-14 09:50:49.935585,58.69099
2021-03-14 09:50:05.840020,58.65373
2021-03-14 09:24:24.968642,58.72564
2021-03-14 08:57:02.063759,58.69601
2021-03-14 08:46:54,58.73035
2021-03-14 07:58:51.857951,58.65251
2021-03-14 06:47:38.320207,58.66152
2021-03-13 06:56:12,58.74391
2021-03-11 15:44:40.284363,58.59894
2021-03-11 15:25:30.667017,58.59095
2021-03-11 14:42:37,58.64601
2021-03-11 14:42:01.021609,58.62207
2021-03-11 03:40:18,58.67621
2021-03-10 13:38:39,58.68992
2021-03-10 06:37:51.050890,58.67068
2021-03-09 06:58:21.998451,58.60340
2021-03-09 06:38:32,58.67539
2021-03-09 02:57:35,59.10236
2021-03-07 08:30:44,59.08353
2021-03-06 13:20:02,59.06555
2021-03-04 09:28:26,59.06309
2021-03-03 15:10:23,59.08898
2021-03-03 08:46:10.184083,59.00829
2021-03-03 08:44:34.932450,59.06105
2021-03-03 08:22:12.205189,58.98239
2021-03-02 14:26:12,59.02241
2021-03-02 14:25:33,59.03515
2021-03-02 05:13:38,59.03654
2021-03-02 02:55:07,59.07902
2021-03-02 02:39:41,59.00365
2021-02-28 11:59:12,58.92592
2021-02-28 11:53:04.962222,58.85734
2021-02-26 08:31:14,59.06703
2021-02-25 13:51:23,59.57557
2021-02-25 13:16:42,59.55669
2021-02-25 12:38:37,59.55669
2021-02-25 09:56:52,59.59682
2021-02-25 08:48:05,59.55197
2021-02-25 08:35:55,59.61139
2021-02-25 08:27:14,59.57502
2021-02-25 07:57:23,59.57125
2021-02-24 03:28:10.322095,58.62810
2021-02-24 03:19:09.858639,59.55608
2021-02-24 03:17:57,59.62083
2021-02-24 02:43:18,59.56316
2021-02-24 02:42:07,58.64935
2021-02-22 03:24:34,60.01000
2021-02-20 07:34:14,60.00250
2021-02-20 03:40:59,59.97098
2021-02-20 03:14:59,59.67661
2021-02-20 02:42:58.874210,60.00350
2021-02-20 02:24:53,60.00100
2021-02-20 02:17:15,60.01099
2021-02-20 01:30:55,59.98101
2021-02-20 01:29:44,59.99600
2021-02-20 01:27:53,59.99400
2021-02-20 01:25:49,60.07147
2021-02-20 01:22:56,60.02399
2021-02-08 04:26:19,59.98850
2021-02-08 03:35:04,59.99150
2021-02-07 02:51:23,60.06398
2021-02-02 06:49:57,60.09151
2021-01-29 06:24:39,59.99700
2021-01-28 14:05:55,60.00200
2021-01-28 11:16:22,59.99950
2021-01-27 15:52:55,59.96947
2021-01-27 14:39:33,59.98949
2021-01-27 07:49:52,59.93443
2021-01-20 07:25:05,60.07801
2021-01-15 08:43:37,60.12376
2021-01-13 06:25:18,60.07801
2021-01-07 05:17:46,59.23660
2021-01-06 13:39:06,59.19326
2021-01-04 07:56:26.112496,59.17114
2021-01-04 06:43:25,59.22456
2020-12-25 08:03:50,59.37101
2020-12-21 08:14:47,59.31322
2020-12-18 08:16:15,59.41376
2020-12-18 08:15:27,59.37763
2020-11-16 11:09:28,59.44989
2020-11-12 09:07:53,59.13919
2020-11-12 08:26:24,59.06781
2020-11-09 05:25:19,59.12321
2020-11-09 02:40:30,59.07022
2020-11-06 04:12:52.864758,59.11882
2020-10-30 07:22:18,59.14289
2020-10-15 14:03:50,59.15635
2020-10-15 14:01:35,58.96361
2020-10-15 10:12:41,59.05764
2020-10-13 03:20:34,59.11806
2020-10-13 03:06:55,59.07810
2020-10-13 03:05:13,59.06507
2020-10-12 05:48:29.844935,59.11806
2020-10-10 06:07:40,58.97356
2020-10-05 08:44:28,57.69629
2020-10-05 08:40:29,58.90130
2020-09-30 08:45:04,58.95240
2020-09-30 03:52:03,58.80522
2020-09-28 06:09:19,58.95778
2020-09-24 02:06:39,58.94813
2020-09-14 07:09:10,58.88650
2020-09-10 09:55:53,58.87618
2020-09-04 07:28:05,58.86921
2020-09-01 08:02:51,58.82481
2020-09-01 08:02:15,58.79094
2020-09-01 04:33:21,58.80958
2020-08-31 15:29:57,58.83691
2020-08-31 06:38:25,58.79962
2020-08-28 08:00:35,60.89642
2020-08-26 09:16:23,60.90938
2020-08-21 17:18:43,60.95628
2020-08-21 17:13:39,60.84273
2020-08-18 06:34:41,61.00739
2020-08-14 09:15:27,61.03736
2020-08-11 01:03:18,61.00274
2020-08-07 08:58:10,61.01125
2020-07-29 06:20:37,61.04339
2020-07-28 08:08:53,60.91235
2020-07-28 02:29:43,60.95438
2020-07-27 16:50:12,60.98652
2020-07-22 05:08:19,61.04009
2020-07-21 13:05:28,60.99515
2020-07-17 04:17:13,47.44864
2020-07-17 02:28:42,61.07182
2020-07-16 02:11:36,60.98647
2020-07-14 09:34:59,61.00856
2020-07-13 08:22:42,60.97145
2020-07-09 02:42:51,60.95714
2020-07-08 08:38:10,61.00911
2020-07-08 06:01:05,60.92276
2020-07-02 09:08:09,60.99463
2020-07-01 07:59:44,60.78284
2020-07-01 03:50:05,60.73500
2020-07-01 03:46:33,60.81500
2020-07-01 03:42:09,60.79500
2020-07-01 03:36:37,60.75192
2020-06-30 07:36:08,60.80750
2020-06-29 09:15:54,60.68808
2020-06-29 06:42:23,60.78574
2020-06-28 14:18:03,60.79619
2020-06-24 14:17:37,60.91093
2020-06-24 08:15:55,60.80076
2020-06-20 16:12:40,60.86586
2020-06-18 14:17:57,60.86086
2020-06-18 11:34:03,60.82699
2020-06-16 15:20:23,60.86205
2020-06-15 14:46:44,60.83897
2020-06-10 09:30:14,60.88906
2020-06-08 13:25:10,60.82296
2020-06-08 11:57:37,60.81643
2020-06-08 11:56:36,60.72627
2020-06-08 06:40:28,60.79639
2020-06-08 03:25:45,60.81142
2020-06-08 03:02:41,60.76929
2020-06-04 09:23:09,60.91704
2020-06-04 08:31:37,60.82929
2020-06-04 07:28:45,60.78922
2020-06-04 03:10:42,60.75677
2020-06-02 03:32:12,60.86946
2020-06-01 09:49:57,60.81937
2020-06-01 09:48:55,60.83440
2020-06-01 06:10:03,60.78181
2020-06-01 04:47:08,60.83189
2020-06-01 04:21:42,60.81687
2020-05-31 10:02:23,60.82939
2020-05-29 07:24:29,60.87196
2020-05-29 05:44:08,60.83254
2020-05-28 08:37:39,60.88100
2020-05-27 05:58:39,60.88525
2020-05-27 05:57:15,60.81914
2020-05-25 05:36:29,60.88852
2020-05-25 03:26:45,60.85094
2020-05-25 03:20:17,60.78274
2020-05-21 17:01:23,60.88526
2020-05-18 07:27:43,60.89278
2020-05-14 13:44:17,60.90781
2020-05-14 13:23:04.808621,60.77498
2020-05-11 17:29:09,60.76483
2020-05-11 11:42:07,60.76026
2020-05-08 10:06:39.323862,60.87425
2020-05-08 09:46:55,60.95195
2020-05-07 09:41:24.485918,60.80203
2020-05-07 03:27:50.540224,60.87174
2020-05-06 10:03:02.171257,60.82914
2020-05-06 09:05:38.343072,60.84099
2020-05-06 08:56:26,60.87425
2020-05-06 04:25:37,60.79779
2020-05-01 07:45:39,60.82288
2020-05-01 07:29:14,60.79996
2020-05-01 06:30:40.954549,60.93063
2020-05-01 06:29:51.266342,60.98887
2020-04-29 01:14:25,60.94104
2020-04-28 09:32:22.615021,60.84120
2020-04-28 09:29:03,60.89453
2020-04-28 03:25:04,60.95884
2020-04-28 01:04:23,60.87680
2020-04-27 08:23:43,60.97622
2020-04-27 08:10:05,61.02797
2020-04-27 07:36:41,60.93640
2020-04-27 07:13:36.702191,61.02574
2020-04-27 03:49:07,61.15473
2020-04-27 02:56:25,61.17888
2020-04-26 09:08:56,61.24201
2020-04-26 08:19:23,61.14857
2020-04-24 08:10:10,61.18393
2020-04-24 07:54:46,60.85629
2020-04-24 06:49:31,61.13876
2020-04-20 04:56:40,61.25512
2020-04-20 04:50:11,61.11195
2020-04-20 03:21:12,61.15153
2020-04-14 04:51:11,61.23351
2020-04-07 02:43:21,61.21883
2020-04-07 02:42:21,61.19069
2020-04-03 11:31:16,61.19354
2020-04-03 07:29:25,61.07063
2020-04-03 07:24:05,61.07039
2020-04-03 04:38:28,61.13911
2020-04-03 02:30:00,61.11210
2020-04-02 13:23:04,61.09608
2020-04-02 13:17:47,61.02223
2020-04-02 12:11:28.471719,61.04268
2020-04-02 06:20:57,61.11168
2020-04-01 07:15:11.272909,60.97542
2020-04-01 07:08:25.722289,61.10061
2020-03-31 11:12:41.880298,61.09039
2020-03-31 08:21:12.659121,61.02695
2020-03-31 03:31:32,61.15743
2020-03-27 09:33:31,61.13629
2020-03-27 08:15:07,61.14052
2020-03-27 06:21:15,61.11936
2020-03-26 05:50:03,61.21567
2020-03-26 03:08:39,61.14918
2020-03-25 05:19:04,61.16964
2020-03-25 03:15:30,61.25403
2020-03-25 01:35:07,61.13896
2020-03-24 12:03:58.309850,61.15941
2020-03-24 10:55:53,61.23330
2020-03-24 07:05:19,61.14496
2020-03-24 00:20:11,61.14964
2020-03-23 09:47:55,61.31540
2020-03-22 03:38:37,61.21665
2020-03-21 14:30:25,61.27960
2020-03-21 14:25:22,61.15869
2020-03-21 09:43:09,61.20357
2020-03-19 13:46:00,61.21286
2020-03-19 04:27:03,61.27689
2020-03-17 18:01:42,61.28126
2020-03-17 03:15:10,61.22564
2020-03-13 06:20:49,61.33548
2020-03-13 06:16:58,61.22423
2020-03-11 09:33:11,61.24623
2020-03-11 07:55:15,61.19018
2020-03-10 14:00:49.514828,61.30516
2020-03-09 09:45:21,61.22595
2020-03-09 09:42:31,61.23873
2020-03-08 07:48:29.221414,61.31538
2020-03-07 16:19:27,61.27194
2020-03-07 15:34:56.794550,61.23617
2020-03-07 08:08:12,61.24384
2020-03-06 14:58:36.826847,61.25661
2020-03-06 11:39:33.014749,61.25661
2020-03-05 13:01:28,61.22084
2020-03-04 08:47:22.828134,61.17313
2020-03-02 09:33:13,61.27689
2020-03-02 08:44:32.388513,61.18335
2020-03-02 06:04:23.427222,61.24722
2020-03-01 16:08:32.958493,61.24467
2020-03-01 10:39:49.487260,61.24978
2020-02-29 10:33:20,61.32288
2020-02-28 12:12:08.746646,61.27821
2020-02-28 11:50:06,61.32131
2020-02-28 11:22:30.157924,61.15561
2020-02-28 09:47:52.429014,61.23508
2020-02-28 09:47:12.037125,61.26237
2020-02-28 08:53:26,61.22146
2020-02-28 08:50:29.958590,61.40184
2020-02-28 08:31:03.044424,61.46301
2020-02-27 03:42:09.981289,61.38894
2020-02-26 06:58:34,61.43540
2020-02-26 06:13:29.067868,61.44389
2020-02-25 04:29:45,61.34359
2020-02-25 02:40:22.119045,61.33230
2020-02-24 15:35:00,61.34259
2020-02-24 03:56:10,61.40509
2020-02-24 02:06:22.939984,61.36136
2020-02-21 11:56:32,61.49829
2020-02-21 09:14:22.562689,61.35680
2020-02-20 07:16:11,61.32911
2020-02-20 07:00:26,61.42732
2020-02-20 04:05:11.367528,61.30710
2020-02-19 09:14:51.928460,61.40514
2020-02-19 06:50:21.791405,61.33718
2020-02-18 19:00:40.739347,61.36451
2020-02-17 12:34:49.334133,61.43663
2020-02-15 13:57:11.544772,61.30656
2020-02-13 13:38:46,61.32237
2020-02-12 15:51:46.265607,61.20183
2020-02-11 12:56:15.268258,61.36101
2020-02-11 09:01:25.834437,61.31141
2020-02-11 05:30:08.784144,61.26967
2020-02-11 05:04:46.091679,61.27230
2020-02-10 12:13:03,61.43367
2020-02-10 10:27:32.049804,61.32868
2020-02-10 08:40:48.768184,61.40858
2020-02-10 08:30:52.674589,61.31506
2020-02-10 08:03:22.030243,61.41222
2020-02-09 10:07:58,61.43281
2020-02-09 06:05:26.515920,61.36811
2020-02-09 05:59:22.466546,61.44430
2020-02-09 05:50:58.302173,61.37458
2020-02-09 05:38:41.152241,61.39964
2020-02-09 05:33:05.853003,61.45218
2020-02-09 05:32:09.372300,61.46794
2020-02-09 05:14:22.813762,61.52836
2020-02-09 05:11:09.533463,61.45480
2020-02-09 04:40:40.012219,61.44126
2020-02-08 12:57:41.595717,61.44471
2020-02-07 09:40:49,61.47360
2020-02-07 04:38:02.649708,61.38080
2020-02-07 04:02:31.534531,61.41112
2020-02-06 14:15:31.655148,61.42159
2020-02-06 09:51:00.649171,61.47112
2020-02-06 09:48:52.827009,61.40056
2020-02-06 09:01:21.999615,61.41107
2020-02-06 03:19:02,61.32475
2020-02-05 07:55:03,61.48933
2020-02-04 09:55:29.527124,61.46760
2020-02-04 09:43:53,61.49433
2020-02-04 06:01:49.697751,61.38577
2020-02-03 09:34:23.541392,61.43729
2020-02-02 04:59:50.474396,61.51326
2020-02-02 04:33:05.195437,61.40885
2020-02-01 07:58:59,61.51590
2020-02-01 07:39:39,61.38195
2020-02-01 07:37:58,61.37931
2020-02-01 07:35:07,61.44273
2020-02-01 06:58:09,61.44801
2020-02-01 06:18:12.260940,61.42423
2020-02-01 06:07:06.399367,61.38988
2020-02-01 06:06:20.677141,61.44273
2020-02-01 04:36:56.338753,61.42850
2020-01-31 08:19:51.239272,61.08100
2020-01-31 08:11:35,61.17908
2020-01-31 08:08:18.002624,61.12595
2020-01-31 07:49:33.380217,61.15873
2020-01-31 07:19:02,61.16035
2020-01-31 05:39:00.736928,61.45238
2020-01-31 04:42:23.476669,61.07569
2020-01-31 04:40:43,61.00955
2020-01-31 04:20:22.197937,61.18117
2020-01-31 03:51:42.364122,61.13506
2020-01-30 18:42:32.272354,61.15458
2020-01-21 13:23:41,61.37549
2020-01-20 06:26:57.206910,61.15760
2020-01-19 10:57:33.276345,61.20765
2020-01-19 09:06:23.329733,61.22004
2020-01-19 02:42:58.166405,61.17321
2020-01-17 10:02:14,61.22541
2020-01-17 08:41:42.661606,61.14719
2020-01-17 08:36:05.949244,61.15252
2020-01-17 06:34:56,61.17647
2020-01-17 06:21:54.683175,61.22802
2020-01-17 06:04:33.790510,61.14779
2020-01-17 04:11:50.102947,61.15843
2020-01-17 01:56:10,61.17174
2020-01-16 12:57:21.387796,61.19304
2020-01-16 10:24:30.690485,61.01434
2020-01-16 09:18:07,61.15106
2020-01-16 07:22:42,61.15568
2020-01-14 15:10:50.983291,61.08696
2020-01-14 03:42:34.467842,61.12086
2020-01-13 02:16:32,61.24860
2020-01-10 04:00:35,61.25127
2020-01-09 10:42:29.995324,61.28594
2020-01-09 10:30:00.306821,61.20350
2020-01-09 09:27:37.842253,61.17393
2020-01-09 09:21:28.912664,61.18726
2020-01-09 08:40:23.029085,61.18193
2020-01-09 03:16:07.139539,61.14922
2020-01-09 02:40:59,61.21927
2020-01-08 02:49:42,61.26727
2020-01-08 02:18:54.960146,61.08592
2020-01-07 10:29:58.704521,61.15793
2020-01-07 07:00:03,61.21927
2020-01-07 06:52:41.477409,61.13126
2020-01-07 04:42:52,61.24327
2020-01-06 03:11:39,61.25807
2020-01-04 16:33:39.131884,61.19140
2020-01-03 09:17:42.625374,61.19940
2020-01-02 12:58:08,61.30606
2020-01-02 11:12:25.870798,61.24310
2020-01-02 10:58:24,61.23140
2019-12-31 08:08:47,61.26013
2019-12-31 06:48:23.571116,61.15614
2019-12-31 06:24:44.108348,61.21910
2019-12-31 03:04:19.431005,61.26813
2019-12-30 12:12:42.554713,61.27510
2019-12-30 09:32:01,61.26013
2019-12-30 09:01:55.020292,61.21214
2019-12-30 06:10:02.109320,61.23347
2019-12-29 12:12:21,61.24070
2019-12-29 12:05:49.622756,61.17139
2019-12-29 08:44:25.557529,61.21241
2019-12-27 17:03:26.471890,61.25507
2019-12-27 16:26:10.051591,61.14577
2019-12-27 05:32:43,61.17776
2019-12-27 05:32:22,61.13128
2019-12-27 05:27:18,61.19614
2019-12-26 12:36:41.962594,61.26280
2019-12-26 09:29:15.056837,61.16606
2019-12-26 09:08:38.257942,61.27269
2019-12-26 06:38:38,61.22324
2019-12-26 03:45:32.230256,61.18591
2019-12-25 09:37:42.792106,61.22057
2019-12-25 09:11:50.833501,61.12726
2019-12-25 07:22:57,61.18814
2019-12-25 03:12:12.555678,61.22117
2019-12-24 02:38:11,61.25317
2019-12-23 04:46:44,61.24250
2019-12-23 04:22:59.295060,61.09052
2019-12-22 12:46:27.750133,61.11510
2019-12-22 10:28:38,61.18444
2019-12-22 03:47:47.523450,61.24043
2019-12-21 14:42:09,61.21644
2019-12-21 05:33:39,61.08931
2019-12-20 16:42:42.997728,61.12844
2019-12-20 15:59:32,61.21970
2019-12-20 15:45:39.433159,61.17437
2019-12-20 15:05:30.180545,61.20425
2019-12-20 15:04:09.159674,61.19626
2019-12-20 09:59:30.618686,61.14636
2019-12-20 05:18:13,61.13215
2019-12-20 03:33:51.183361,61.18837
2019-12-19 13:11:54.859457,61.08134
2019-12-19 10:08:57.176253,61.19463
2019-12-19 07:32:17.450868,61.18058
2019-12-19 03:22:30.251944,61.05881
2019-12-18 04:15:50.793605,61.08815
2019-12-18 04:13:40.896157,61.08118
2019-12-18 03:53:24.218627,61.09185
2019-12-18 03:50:45.479488,61.13185
2019-12-18 03:18:58,61.10948
2019-12-17 13:49:09.823922,61.08385
2019-12-17 13:45:23.923383,61.13719
2019-12-17 05:56:59,61.15319
2019-12-16 04:15:05.325582,61.09541
2019-12-16 03:55:51,61.09541
2019-12-16 02:43:18.004631,61.08208
2019-12-16 00:20:38,61.03581
2019-12-15 23:23:52.495568,61.09274
2019-12-14 11:29:34,61.12207
2019-12-13 06:50:00.430230,61.04208
2019-12-13 04:11:43,61.08208
2019-12-13 03:57:02.497201,60.96475
2019-12-13 03:18:15.623527,61.02563
2019-12-12 09:15:23.407091,60.93763
2019-12-12 06:08:42,61.07096
2019-12-12 06:00:53.179095,61.04429
2019-12-11 12:52:53.409204,60.97880
2019-12-11 12:45:50.792811,61.08281
2019-12-11 12:41:56.312186,61.07436
2019-12-11 12:38:40,61.11096
2019-12-11 12:17:28.678858,61.07177
2019-12-11 11:40:21.772689,61.12413
2019-12-11 11:34:19.646140,61.11777
2019-12-11 09:17:03,61.09335
2019-12-11 08:57:45.162612,61.03494
2019-12-11 07:17:24.822853,61.05872
2019-12-11 06:51:20.520895,61.04540
2019-12-11 06:35:58,61.11777
2019-12-11 04:35:40,61.06206
2019-12-11 01:46:01.417942,61.10179
2019-12-10 12:08:53.457983,61.08847
2019-12-10 12:04:11.683579,61.04585
2019-12-10 10:03:45.982100,61.10044
2019-12-10 09:40:55.246997,61.20143
2019-12-09 08:43:49,61.23401
2019-12-09 07:58:33,61.18826
2019-12-09 07:08:59.859676,61.10252
2019-12-09 06:26:34.818363,61.15584
2019-12-09 02:07:27,61.15405
2019-12-07 06:19:55,61.21448
2019-12-07 06:14:59.183126,61.14254
2019-12-07 06:01:37.238631,61.18472
2019-12-05 07:11:22.686194,61.21147
2019-12-05 06:57:59,61.25684
2019-12-04 05:44:02,61.20080
2019-12-04 03:10:20,61.15927
2019-12-03 04:14:24.815375,61.19575
2019-12-03 03:15:53,61.23560
2019-11-29 12:41:22.667742,61.20740
2019-11-29 12:31:44.426372,61.20540
2019-11-29 04:42:28,61.30125
2019-11-29 04:05:21.450221,61.19188
2019-11-28 11:26:20.564791,61.24940
2019-11-28 10:54:11,61.31057
2019-11-28 03:58:50.480491,61.25982
2019-11-27 02:19:02,61.33194
2019-11-26 13:17:48,61.35599
2019-11-26 12:01:31,61.31057
2019-10-29 01:48:17,64.13880
2019-10-27 12:44:06,64.01605
2019-10-27 04:14:28,64.20252
2019-10-24 06:46:51,64.11869
2019-10-21 04:43:17,63.59404
2019-10-18 13:21:07,64.08634
2019-10-18 03:02:38,64.16130
2019-10-16 10:21:05.396482,64.15632
2019-10-16 10:18:13.621606,64.11733
2019-10-16 07:12:31.353763,64.08626
2019-10-16 06:00:31,64.08626
2019-10-15 02:55:47,64.03527
2019-10-12 14:11:57,64.08934
2019-10-12 10:36:06,64.03227
2019-10-12 09:47:35,64.24598
2019-10-11 13:30:51,64.19185
2019-10-11 09:35:55,64.15276
2019-10-10 11:21:25,64.09763
2019-10-10 07:35:59,64.22278
2019-10-10 07:25:04,64.17466
2019-10-10 00:36:18,64.19270
2019-10-09 09:55:38,64.13992
2019-10-09 05:54:54,64.16564
2019-10-08 05:10:31,64.24962
2019-10-07 02:57:01,64.20451
2019-10-06 06:42:34,64.16286
2019-10-05 14:44:25,64.25349
2019-10-04 12:49:36,64.13619
2019-09-26 12:16:29,64.14822
2019-09-25 03:26:42,64.03511
2019-09-24 15:03:10,64.08807
2019-09-24 12:47:06,64.09894
2019-09-24 00:32:29,64.10727
2019-09-22 15:27:58,64.08622
2019-09-22 14:24:44,64.03511
2019-09-22 13:07:03,64.06217
2019-09-20 02:36:02,64.08106
2019-09-19 06:02:22,63.89465
2019-09-19 05:20:02,64.04319
2019-09-19 03:12:58,64.15361
2019-09-18 12:00:03,64.00409
2019-09-18 11:59:30,63.85778
2019-09-18 10:59:07,64.01973
2019-09-18 09:56:50,63.99603
2019-09-18 09:51:45,63.86656
2019-09-18 09:14:41,63.86355
2019-09-17 10:26:25,63.42444
2019-09-17 09:07:11,63.89366
2019-09-17 01:56:09,63.86028
2019-09-16 08:30:58,63.89123
2019-09-16 06:27:39,63.93423
2019-09-13 08:04:59,64.01855
2019-09-11 06:39:22,63.99747
2019-09-11 06:22:25,63.82414
2019-09-11 04:01:46,63.85295
2019-09-10 13:06:39,63.93324
2019-09-10 02:46:29,64.01157
2019-09-09 15:07:26,63.93324
2019-09-09 14:29:04,63.86501
2019-09-09 11:19:18,63.94529
2019-09-09 06:47:42,63.97843
2019-09-09 06:37:11,63.98060
2019-09-09 04:49:35,63.91274
2019-09-09 03:41:07,63.90213
2019-09-09 02:50:18,63.78749
2019-09-09 02:25:32,63.98349
2019-09-09 02:08:54,63.96432
2019-09-08 17:08:47,63.95251
2019-09-07 15:39:31,63.97746
2019-09-07 15:08:32,63.89776
2019-09-07 14:17:13,63.91093
2019-09-07 12:54:08,63.97815
2019-09-07 10:51:41,63.84237
2019-09-06 09:13:17,63.99506
2019-09-06 04:11:03,63.93285
2019-09-06 03:14:36,64.01121
2019-09-05 13:11:58,63.99313
2019-09-05 11:51:45,63.93779
2019-09-05 09:26:39,63.89257
2019-09-05 08:30:53,63.97130
2019-09-05 07:55:36,63.95647
2019-09-05 07:45:29,63.90522
2019-09-05 06:39:58,63.82786
2019-09-03 16:00:06,63.91737
2019-09-03 12:58:50,63.91762
2019-09-03 09:23:51,63.96888
2019-09-03 09:11:14,63.83891
2019-09-03 05:43:06,63.95030
2019-09-03 02:50:51,63.83640
2019-09-02 09:59:52,64.02014
2019-09-02 09:20:37,63.96864
2019-08-31 13:36:22,63.98673
2019-08-30 13:45:27,64.01086
2019-08-29 11:51:18,64.03197
2019-08-28 10:16:02,63.93245
2019-08-27 12:28:23,63.89048
2019-08-26 11:36:47,63.90832
2019-08-25 09:19:03,63.96394
2019-08-23 02:42:17,63.98372
2019-08-22 13:02:44,63.95959
2019-08-22 09:08:10,64.01990
2019-08-22 07:09:42,63.92943
2019-08-21 06:48:10,63.93848
2019-08-20 07:02:44,63.95212
2019-08-20 06:44:26,64.00036
2019-08-20 06:33:16,63.85586
2019-08-20 03:55:48,64.01194
2019-08-20 02:16:50,63.85317
2019-08-20 01:45:25,63.81260
2019-08-20 01:23:01,63.93512
2019-08-19 17:59:53.286983,63.21917
2019-08-19 14:49:12,63.83094
2019-08-19 14:39:32,63.93018
2019-08-19 14:06:13,64.01194
2019-08-19 12:14:32,63.99385
2019-08-19 11:46:45,63.94728
2019-08-19 11:21:06,63.88444
2019-08-19 10:42:31,63.91846
2019-08-19 08:56:05,63.97141
2019-08-19 08:42:13,63.90245
2019-08-19 07:30:15,63.91753
2019-08-19 06:49:50,63.88596
2019-08-18 01:48:17,63.97806
2019-08-17 04:04:14,63.86653
2019-08-16 23:34:48,64.01724
2019-08-16 23:17:23,63.92573
2019-08-16 02:54:56,63.98987
2019-08-15 07:28:22,63.91451
2019-08-15 07:07:19,63.91451
2019-08-14 14:43:34,63.31915
2019-08-14 07:41:23,63.92439
2019-08-14 06:37:47,63.92850
2019-08-14 02:08:04,63.83499
2019-08-13 21:06:41,63.93537
2019-08-13 17:15:06,63.89015
2019-08-13 15:37:43,63.89425
2019-08-12 14:00:15,63.90789
2019-08-12 07:10:45,63.92331
2019-08-11 06:14:47,63.97733
2019-08-10 14:29:20,63.94115
2019-08-10 12:28:03,63.96225
2019-08-10 12:22:03,63.87690
2019-08-10 08:05:11,63.86595
2019-08-10 05:19:11,63.92706
2019-08-09 01:32:24,63.95009
2019-08-08 08:28:11,63.92672
2019-08-07 13:28:23,64.02544
2019-08-07 11:33:24,63.92598
2019-08-07 06:33:23,63.88077
2019-08-06 09:13:34,63.92598
2019-08-06 08:55:27,63.95009
2019-08-06 07:23:45,63.91283
2019-08-05 04:02:37,63.91998
2019-08-05 03:25:50,63.92489
2019-08-04 12:21:50,63.98517
2019-08-04 02:39:50,63.81136
2019-08-03 06:20:31,63.97311
2019-08-03 06:00:49,63.90773
2019-08-03 01:35:17,63.93848
2019-08-02 07:54:19,63.95598
2019-08-01 13:34:19,63.93245
2019-08-01 07:15:44,63.96152
2019-08-01 03:08:57,63.85873
2019-07-30 05:18:52,63.89862
2019-07-30 03:40:08,63.93809
2019-07-29 07:44:59,63.99240
2019-07-29 07:22:30,63.96742
2019-07-29 07:07:29,63.91914
2019-07-29 05:07:10,63.90490
2019-07-26 10:42:41,63.93205
2019-07-25 02:59:21,64.02257
2019-07-25 02:45:27,63.91177
2019-07-25 02:31:29,63.96560
2019-07-25 02:13:11,63.98093
2019-07-24 03:27:35,63.89316
2019-07-24 03:24:29,63.87781
2019-07-23 09:06:54,64.01799
2019-07-23 07:45:01,63.74940
2019-07-22 11:12:25,64.19577
2019-07-22 08:34:16,63.48895
2019-07-22 06:51:45,64.02215
2019-07-20 08:17:09,64.16621
2019-07-19 07:25:29,64.18033
2019-07-18 14:44:52,64.17597
2019-07-18 06:58:58,64.20012
2019-07-18 03:45:30,64.11450
2019-07-18 03:40:08,64.07362
2019-07-18 01:44:03,64.08337
2019-07-18 01:29:59,64.12522
2019-07-17 07:36:18,64.09250
2019-07-17 07:34:04,64.08337
2019-07-17 07:08:04,64.05983
2019-07-17 07:03:27,64.09031
2019-07-17 06:40:28,64.07752
2019-07-17 06:29:58,63.21446
2019-07-17 03:40:40,64.15427
2019-07-17 03:15:28,63.25462
2019-07-17 03:07:05,63.25017
2019-07-17 02:45:59,63.31476
2019-07-17 02:31:23,63.27538
2019-07-17 02:29:32,64.12253
2019-07-17 02:26:32,63.26024
2019-07-17 02:24:04,63.23498
2019-07-17 01:56:06,63.23904
2019-07-17 01:50:38,63.24732
2019-07-16 12:51:03,63.34393
2019-07-16 09:54:00,63.34091
2019-07-16 09:29:47,63.33788
2019-07-16 08:57:03,63.25881
2019-07-16 08:45:19,63.25739
2019-07-16 08:04:37,63.22909
2019-07-15 05:58:00,63.29072
2019-07-15 05:57:33,62.90899
2019-07-15 02:59:16,62.91505
2019-07-15 02:51:43,62.90293
2019-07-15 02:45:50,62.92189
2019-07-13 19:09:21,63.35338
2019-07-12 03:52:11,62.97037
2019-07-12 03:29:09,62.38200
2019-07-11 09:42:00,63.01582
2019-07-11 03:16:45,62.90674
2019-07-10 05:27:11,62.99461
2019-07-09 13:14:22,62.93626
2019-07-09 10:28:36,62.91583
2019-07-09 07:45:25,62.94007
2019-07-09 03:13:47,62.94007
2019-07-08 09:10:42,62.91012
2019-07-08 08:54:01,62.83741
2019-07-05 13:11:59,63.04802
2019-07-05 07:54:19,62.94007
2019-07-03 14:57:06,62.34936
2019-07-03 02:43:50,62.92380
2019-07-02 12:01:58,62.91862
2019-07-02 09:43:43,62.95499
2019-07-02 09:42:07,62.94453
2019-07-02 06:20:13,62.91256
2019-07-02 03:09:01,62.93378
2019-07-01 06:56:56,62.97474
2019-06-27 07:04:50,62.98227
2019-06-27 07:01:45,62.86710
2019-06-27 07:00:05,62.92772
2019-06-27 06:53:02,62.87778
2019-06-25 07:52:54,62.89741
2019-06-25 02:24:43,63.02305
2019-06-24 13:21:10,62.95802
2019-06-21 00:43:27,62.97621
2019-06-20 04:39:37,62.83108
2019-06-19 23:02:59,62.89438
2019-06-19 23:01:24,62.91256
2019-06-18 03:04:29,62.97015
2019-06-16 14:15:29,62.86407
2019-06-16 09:59:13,62.89741
2019-06-16 05:59:51,62.86407
2019-06-14 04:42:17,62.86710
2019-06-13 16:42:11,62.94590
2019-06-13 13:07:09,62.92788
2019-06-13 12:24:29,62.95802
2019-06-13 11:35:16,62.83405
2019-06-08 01:36:40,62.94604
2019-06-06 14:57:24,62.91577
2019-06-06 14:52:44,62.75680
2019-06-06 09:14:40,62.92788
2019-06-04 07:53:34,62.34960
2019-06-03 17:52:38,62.96845
2019-06-03 08:24:58,62.98660
2019-06-02 01:04:23,63.01047
2019-06-01 17:18:08,62.91972
2019-06-01 17:16:53,62.89854
2019-06-01 01:32:04,62.92879
2019-05-31 13:51:13,62.93182
2019-05-31 11:28:40,62.86829
2019-05-31 04:56:51,62.75637
2019-05-31 03:50:01,62.98951
2019-05-31 03:13:33,62.85256
2019-05-30 12:42:59,62.89854
2019-05-29 07:40:42,62.90459
2019-05-29 06:39:38,62.84677
2019-05-29 03:37:05,62.85922
2019-05-29 03:34:11,62.88644
2019-05-29 03:17:01,62.88342
2019-05-29 02:27:03,62.93787
2019-05-29 02:20:42,62.88644
2019-05-29 02:05:30,62.87737
2019-05-28 15:06:28,62.90079
2019-05-28 06:54:19,62.90908
2019-05-28 05:48:50,62.91894
2019-05-28 03:06:13,62.85732
2019-05-27 09:32:36,62.91781
2019-05-27 08:42:10,62.90269
2019-05-27 06:42:09,62.88454
2019-05-27 03:42:18,62.88756
2019-05-27 03:39:51,62.90123
2019-05-27 02:31:43,62.78922
2019-05-27 02:21:14,63.02718
2019-05-26 12:29:31,62.93249
2019-05-25 07:22:57,62.92342
2019-05-24 16:06:55,62.92342
2019-05-24 15:50:47,62.80849
2019-05-24 06:44:12,62.74766
2019-05-24 02:57:32,62.75875
2019-05-23 10:36:53,62.83560
2019-05-23 09:40:30,62.76757
2019-05-23 08:09:04,62.76871
2019-05-23 07:30:45,62.67940
2019-05-23 03:20:11,62.75124
2019-05-23 02:19:04,62.73710
2019-05-22 07:31:37,62.70310
2019-05-22 06:45:37,62.66403
2019-05-22 05:27:28,62.67098
2019-05-22 03:55:04,62.67709
2019-05-22 03:17:07,62.67709
2019-05-22 02:57:19,62.06966
2019-05-21 08:18:25,62.06048
2019-05-21 07:06:12,62.66793
2019-05-20 08:50:36,62.70762
2019-05-20 08:40:15,62.72594
2019-05-20 05:49:33,62.71067
2019-05-20 01:59:30,62.64045
2019-05-18 01:05:41,62.72666
2019-05-17 07:58:26,62.70224
2019-05-17 07:43:13,62.91494
2019-05-17 03:04:50,63.00672
2019-05-16 14:37:40,62.39542
2019-05-16 09:25:14,62.91755
2019-05-16 08:59:28,62.98763
2019-05-16 08:21:10,63.00264
2019-05-16 06:14:21,62.99650
2019-05-16 02:39:02,62.91362
2019-05-15 09:03:44,62.97501
2019-05-15 06:35:25,62.90070
2019-05-15 04:42:51,62.99641
2019-05-15 04:37:45,63.06967
2019-05-15 04:30:51,62.95955
2019-05-15 03:05:48,63.01391
2019-05-15 02:28:39,62.99242
2019-05-14 08:12:30,62.38521
2019-05-14 06:26:17,62.99242
2019-05-14 03:11:48,63.00583
2019-05-14 03:11:05,63.00924
2019-05-14 03:00:39,62.96661
2019-05-13 15:54:45,63.12737
2019-05-13 15:03:21,63.11195
2019-05-13 08:06:15,63.11129
2019-05-13 06:58:55,63.08969
2019-05-13 05:42:39,63.46249
2019-05-12 08:33:35,63.45128
2019-05-12 02:47:31,63.42720
2019-05-12 02:44:08,63.42975
2019-05-12 02:35:27,63.38853
2019-05-11 09:38:37,63.47880
2019-05-10 08:06:19,63.42945
2019-05-10 07:50:08,63.36967
2019-05-10 07:10:50,63.40561
2019-05-10 06:19:52,63.44902
2019-05-10 05:01:06,63.43389
2019-05-10 04:59:57,63.46136
2019-05-10 03:36:52,63.46106
2019-05-09 14:23:03,63.47987
2019-05-08 09:22:51,63.65325
2019-05-08 08:25:46,63.66338
2019-05-08 02:51:05,63.76479
2019-05-08 02:28:22,63.71201
2019-05-07 00:05:09,63.81757
2019-05-06 06:25:31,63.73995
2019-05-06 06:21:24,63.59882
2019-05-06 02:26:31,63.68249
2019-05-05 10:32:34,63.90807
2019-05-05 09:07:30,63.82812
2019-05-05 08:34:59,63.88296
2019-05-05 08:26:32,63.86726
2019-05-05 07:45:56,63.87668
2019-05-05 07:13:45,63.84101
2019-05-05 07:00:40,63.58754
2019-05-05 06:49:07,63.59896
2019-05-05 06:09:15,63.49411
2019-05-05 06:01:35,64.00076
2019-05-02 02:07:05,63.99127
2019-04-30 08:47:30,63.97295
2019-04-30 07:52:50,63.85167
2019-04-30 07:05:34,63.95470
2019-04-30 06:57:19,63.85224
2019-04-29 15:35:46,63.97192
2019-04-29 09:41:53,63.85439
2019-04-29 09:06:43,63.86912
2019-04-27 12:05:26,63.95939
2019-04-26 09:50:11,63.71898
2019-04-26 07:54:29,63.65543
2019-04-26 07:38:36,64.00362
2019-04-26 07:13:26,63.67451
2019-04-26 06:38:27,63.48493
2019-04-26 06:29:06,63.45326
2019-04-26 06:22:15,63.40575
2019-04-26 06:16:50,63.66179
2019-04-26 06:11:34,63.68722
2019-04-26 06:01:23,63.67017
2019-04-26 05:27:19,63.63982
2019-04-26 03:15:46,63.68260
2019-04-26 03:01:33,63.67653
2019-04-26 03:00:55,63.66237
2019-04-26 02:54:26,63.66932
2019-04-26 01:38:54,63.68173
2019-04-24 07:08:04,63.72624
2019-04-24 02:47:00,63.65747
2019-04-22 14:54:46,63.68521
2019-04-22 07:40:20,63.63752
2019-04-22 02:07:21,63.66614
2019-04-21 15:31:16,66.79524
2019-04-18 05:41:20,63.64706
2019-04-18 02:51:41,63.77424
2019-04-18 02:24:31,62.96961
2019-04-17 13:21:43,63.00107
2019-04-17 04:38:04,63.70111
2019-04-17 02:55:20,63.65978
2019-04-17 01:14:58,63.69303
2019-04-16 02:46:39,63.73120
2019-04-14 09:32:19,63.62306
2019-04-12 05:50:54,63.68793
2019-04-12 03:49:17,63.61145
2019-04-12 03:41:51,63.64013
2019-04-12 03:39:38,63.63376
2019-04-12 03:37:03,63.62217
2019-04-12 03:34:23,63.57973
2019-04-12 03:16:54,63.51659
2019-04-12 02:48:54,63.59469
2019-04-11 09:30:21,63.59790
2019-04-10 03:18:33,63.58187
2019-04-09 15:31:43,63.63811
2019-04-09 06:11:13,63.60285
2019-04-09 02:40:47,63.57299
2019-04-09 02:20:27,63.60183
2019-04-09 02:16:05,63.53774
2019-04-08 06:35:07,63.61178
2019-04-08 06:13:42,63.48977
2019-04-08 02:04:36,63.56320
2019-04-07 14:09:30,63.62144
2019-04-07 13:31:42,63.60534
2019-04-07 09:57:19,63.54740
2019-04-07 09:56:03,63.57637
2019-04-07 03:40:30,63.59247
2019-04-06 09:51:39,63.62934
2019-04-05 13:59:46,63.56028
2019-04-05 13:41:52,63.55384
2019-04-05 13:24:23,63.42508
2019-04-05 11:57:44,63.57637
2019-04-05 10:22:36,63.64719
2019-04-04 03:14:25,63.62788
2019-04-02 06:37:55,63.59891
2019-04-01 11:45:57,63.58029
2019-04-01 06:21:41,63.58368
2019-04-01 04:40:48,63.57403
2019-04-01 03:41:55,63.58368
2019-04-01 03:40:04,63.60944
2019-03-29 08:11:48,63.55793
2019-03-28 15:48:22,63.65330
2019-03-28 06:20:47,63.94043
2019-03-28 01:22:20,63.61910
2019-03-27 15:19:16,63.59656
2019-03-27 08:25:34,63.59072
2019-03-27 07:36:23,63.59394
2019-03-27 02:01:58,63.55531
2019-03-26 06:21:04,63.60000
2019-03-26 01:09:11,63.58710
2019-03-25 02:44:39,63.65484
2019-03-20 12:04:16,63.44634
2019-03-20 10:02:43,63.44107
2019-03-20 07:52:29,63.59912
2019-03-19 14:15:02,63.46365
2019-03-19 11:50:49.681579,62.78206
2019-03-19 03:05:08,63.42109
2019-03-18 14:33:58,62.74247
2019-03-18 03:38:17,63.43041
2019-03-16 05:11:33,63.44839
2019-03-15 09:04:39,63.42903
2019-03-15 08:14:12,63.38701
2019-03-15 06:56:38,63.92926
2019-03-15 02:53:41,63.88131
2019-03-15 02:22:41,63.94226
2019-03-15 02:18:49,63.89765
2019-03-14 16:42:12,63.88781
2019-03-14 11:14:03,63.94967
2019-03-14 08:54:46,63.84153
2019-03-14 08:38:05,63.89440
2019-03-14 08:27:11,63.98766
2019-03-14 07:32:49,63.91870
2019-03-14 06:24:19,63.51570
2019-03-14 02:58:17,63.93891
2019-03-12 12:44:54,63.97147
2019-03-12 10:46:40,63.89332
2019-03-12 10:12:11,63.88030
2019-03-12 00:06:46,63.87053
2019-03-11 14:42:40,63.92914
2019-03-11 14:29:15,63.93122
2019-03-11 11:58:37,63.92145
2019-03-11 07:52:43,63.91396
2019-03-11 07:15:59,63.83977
2019-03-11 07:03:02,63.95941
2019-03-11 06:45:40,63.88952
2019-03-11 04:13:39,63.99426
2019-03-11 03:55:58,63.95841
2019-03-11 03:42:07,65.09465
2019-03-11 02:53:42,63.94864
2019-03-11 02:31:21,65.13783
2019-03-09 13:48:19,65.73904
2019-03-09 12:17:30,65.45473
2019-03-08 10:12:44,63.73600
2019-03-08 08:31:23,63.62982
2019-03-08 07:21:03,64.19872
2019-03-08 06:50:46,64.28374
2019-03-08 03:38:57,64.18245
2019-03-08 03:11:17,64.27216
2019-03-08 02:21:16,64.19847
2019-03-07 12:15:22,64.31184
2019-03-07 11:21:44,64.06277
2019-03-07 10:08:55,64.11679
2019-03-07 09:06:00,64.12026
2019-03-07 08:26:17,64.14337
2019-03-07 08:02:08,64.18213
2019-03-07 07:23:28,64.16780
2019-03-07 06:12:11,64.12592
2019-03-07 03:01:12,66.49872
2019-03-06 10:59:35,64.20968
2019-03-06 09:53:14,63.72804
2019-03-06 09:35:31,63.79645
2019-03-06 08:53:00,64.17478
2019-03-05 08:01:36,64.26552
2019-03-04 16:40:14,64.13165
2019-03-04 08:28:21,63.01160
2019-03-04 08:03:06,64.21067
2019-03-04 07:26:57,62.86470
2019-03-04 06:58:49,64.15173
2019-03-01 17:27:16,64.20814
2019-02-28 08:35:27,47.06187
2019-02-28 07:16:06,64.20072
2019-02-28 04:48:33,47.04593
2019-02-27 07:13:43,64.21861
2019-02-27 06:09:00,47.16154
2019-02-26 06:11:54,64.11035
2019-02-26 03:48:02,64.11358
2019-02-26 02:49:48,64.05071
2019-02-26 01:57:57,63.98757
2019-02-26 01:55:29,64.14804
2019-02-26 01:52:56,64.11662
2019-02-25 01:31:58,64.08188
2019-02-24 06:23:37,64.20762
2019-02-24 06:20:57,64.06010
2019-02-23 05:56:24,63.93758
2019-02-22 13:03:17,63.36179
2019-02-22 09:59:19,64.00756
2019-02-22 09:16:44,64.11592
2019-02-22 02:30:23,64.07811
2019-02-21 13:36:09,64.09826
2019-02-21 08:59:27,64.07730
2019-02-21 08:30:31,64.03368
2019-02-21 08:11:25,64.11000
2019-02-21 07:13:42,64.08886
2019-02-21 05:48:31,64.01915
2019-02-20 07:33:22,63.37284
2019-02-20 07:07:19,64.05430
2019-02-20 02:48:58,64.08903
2019-02-20 02:40:17,64.10651
2019-02-20 02:04:54,64.10651
2019-02-19 21:35:04,64.12846
2019-02-19 16:04:00,64.11798
2019-02-19 15:09:54,64.11942
2019-02-19 08:55:05,64.14039
2019-02-18 10:00:45,64.28298
2019-02-18 02:30:59,63.37899
2019-02-17 05:51:12,64.06097
2019-02-17 05:32:15,63.89093
2019-02-16 07:39:31,64.06796
2019-02-15 09:12:49,64.12515
2019-02-15 09:05:10,64.03328
2019-02-15 08:33:59,64.05076
2019-02-15 07:51:23,63.94946
2019-02-15 06:01:39,64.01133
2019-02-15 03:29:56,64.03104
2019-02-15 02:49:17,64.07299
2019-02-14 11:34:38,63.99832
2019-02-14 10:24:24,63.30498
2019-02-14 10:22:39,64.07648
2019-02-13 09:43:23,64.03454
2019-02-13 09:40:41,64.10445
2019-02-13 05:34:24,64.06600
2019-02-13 02:48:19,64.01356
2019-02-12 17:01:11,63.95170
2019-02-12 14:06:32,64.05649
2019-02-12 08:16:16,64.05524
2019-02-12 07:52:38,63.84548
2019-02-12 07:08:02,63.99930
2019-02-12 04:23:30,63.95483
2019-02-12 03:39:10,64.03524
2019-02-12 02:56:18,63.95833
2019-02-11 09:51:09,63.25954
2019-02-11 08:44:41,63.97930
2019-02-11 08:35:33,64.00448
2019-02-11 03:15:27,63.97985
2019-02-11 02:08:40,63.94486
2019-02-11 02:07:12,63.96586
2019-02-08 18:17:58,64.10409
2019-02-08 13:45:05,64.00965
2019-02-03 12:08:20,64.14256
2019-02-03 08:35:21,63.98895
2019-02-02 05:20:32,64.06020
2019-02-02 03:42:20,63.90280
2019-02-02 02:43:50,63.86175
2019-02-02 02:34:21,63.90153
2019-02-02 02:31:09,63.96624
2019-02-02 02:04:30,64.12639
2019-02-01 10:05:55,63.82814
2019-02-01 01:01:50,63.86764
2019-01-31 17:21:34,63.82904
2019-01-31 09:40:07,63.92729
2019-01-31 09:31:54,63.78342
2019-01-31 09:07:53,63.82479
2019-01-31 06:12:10,63.84583
2019-01-31 06:06:24,63.84165
2019-01-31 04:50:42,63.83531
2019-01-31 03:26:49,63.77152
2019-01-31 03:23:29,63.89735
2019-01-31 03:22:20,63.84543
2019-01-31 03:01:06,63.92146
2019-01-31 02:25:30,63.85167
2019-01-31 01:42:16,63.85121
2019-01-30 14:24:02,63.19506
2019-01-30 09:32:56,63.81765
2019-01-30 09:02:43,63.85116
2019-01-30 08:20:00,63.75778
2019-01-30 06:24:30,63.92365
2019-01-30 06:16:23,63.92715
2019-01-29 09:18:15,63.89063
2019-01-29 08:35:24,63.84873
2019-01-29 07:32:31,63.83127
2019-01-29 07:26:53,63.85921
2019-01-29 07:26:28,63.85572
2019-01-29 06:14:42,63.74240
2019-01-29 05:38:51,63.76336
2019-01-29 02:17:23,63.86813
2019-01-29 02:06:31,63.86637
2019-01-28 09:44:00,63.81046
2019-01-28 09:41:45,63.77581
2019-01-28 09:10:41,63.81648
2019-01-28 02:58:33,63.84599
2019-01-27 08:05:34,63.90384
2019-01-26 14:52:12,63.90733
2019-01-26 14:21:39,63.81425
2019-01-26 14:14:55,63.84570
2019-01-25 15:00:40,63.77931
2019-01-25 10:57:50,63.92131
2019-01-25 10:29:48,63.78979
2019-01-25 07:44:49,63.69990
2019-01-25 03:34:38,63.69990
2019-01-25 03:21:19,63.83514
2019-01-25 03:19:44,63.75131
2019-01-25 02:23:08,63.67896
2019-01-25 02:13:51,63.77227
2019-01-24 12:20:04,63.10141
2019-01-24 12:15:14,63.63954
2019-01-24 12:12:06,63.80147
2019-01-24 10:27:46,63.75480
2019-01-24 07:13:01,63.84212
2019-01-24 06:48:24,63.70272
2019-01-24 04:50:50,63.61475
2019-01-24 03:41:04,63.82146
2019-01-23 12:50:55,63.67133
2019-01-23 09:27:51,63.81009
2019-01-23 09:14:44,63.77419
2019-01-23 04:11:49,63.73619
2019-01-22 08:48:06,63.90197
2019-01-22 06:41:37,63.88663
2019-01-22 03:05:10,63.84471
2019-01-21 09:45:46,63.69242
2019-01-21 06:01:13,63.88672
2019-01-21 05:54:25,63.89509
2019-01-21 05:14:09,63.88091
2019-01-21 03:18:46,63.88544
2019-01-21 03:15:02,63.87412
2019-01-20 01:34:47,63.96272
2019-01-20 01:04:31,63.92019
2019-01-19 23:52:07,63.62936
2019-01-19 12:07:41,63.92235
2019-01-18 02:25:35,64.02651
2019-01-17 03:33:59,63.65898
2019-01-17 02:19:32,63.94302
2019-01-17 02:18:56,63.86704
2019-01-17 02:17:11,63.88633
2019-01-16 12:22:42,63.94628
2019-01-16 07:27:39,62.85374
2019-01-16 07:11:12,62.74477
2019-01-16 06:59:15,63.56639
2019-01-16 02:05:52,63.55090
2019-01-15 08:29:16,62.56828
2019-01-15 08:03:17,63.92728
2019-01-15 06:28:42,62.65228
2019-01-15 05:09:14,63.92908
2019-01-15 03:40:11,63.69339
2019-01-15 01:42:03,63.69504
2019-01-14 15:47:34.564763,62.57287
2019-01-14 15:34:29,63.64184
2019-01-14 15:12:46,63.61702
2019-01-14 09:45:04,63.63604
2019-01-13 11:40:50,63.68794
2019-01-13 09:51:26,63.65957
2019-01-11 14:26:42,63.66475
2019-01-10 09:41:37,63.64539
2019-01-09 14:19:59,63.64184
2019-01-09 03:06:35,63.63056
2019-01-09 02:59:22,63.63121
2019-01-09 02:19:54,63.57606
2019-01-08 10:55:10,63.58316
2019-01-08 06:07:32,63.61348
2019-01-08 02:54:51,63.58382
2019-01-08 02:20:10,63.56963
2019-01-04 15:42:01,63.69020
2019-01-04 15:32:18,63.54481
2019-01-04 15:07:56,63.54669
2019-01-04 07:23:04,63.57863
2019-01-04 06:56:55,63.55379
2019-01-03 09:42:11,63.59895
2019-01-03 08:26:36,63.59540
2019-01-03 08:21:55,62.53480
2019-01-03 08:13:53,63.57576
2019-01-03 07:58:46,63.56702
2019-01-03 07:32:36,63.58638
2019-01-03 07:27:32,63.58638
2019-01-03 06:54:01,63.55090
2019-01-03 05:49:52,63.52607
2019-01-03 05:38:22,63.60831
2019-01-02 12:40:23,63.67506
2019-01-02 12:40:03,63.49510
2019-01-02 12:38:41,63.51347
2019-01-02 09:49:08,63.54832
2019-01-02 07:08:49,63.56025
2019-01-02 02:55:23,63.52056
2019-01-02 02:54:55,63.50992
2019-01-02 02:12:12,63.54085
2019-01-02 02:10:49,63.50671
2019-01-01 12:40:37,63.58125
2019-01-01 06:10:08,63.58738
2018-12-31 09:39:40,63.63346
2018-12-30 11:36:22,63.56257
2018-12-30 11:24:49,63.55193
2018-12-30 11:23:00,63.59093
2018-12-30 11:15:39,63.55193
2018-12-30 05:37:05,63.61574
2018-12-30 05:07:36,63.55193
2018-12-30 05:00:32,63.54292
2018-12-29 15:56:24,63.57128
2018-12-29 02:17:02,63.60125
2018-12-29 01:52:38,63.53391
2018-12-29 01:48:06,63.48448
2018-12-28 12:05:19,63.50926
2018-12-28 11:48:41,63.44908
2018-12-28 05:02:42,63.40894
2018-12-27 16:04:33,63.46909
2018-12-27 13:32:34,63.43017
2018-12-24 02:18:09,64.38813
2018-12-23 12:45:58,64.30105
2018-12-23 12:37:16,64.39333
2018-12-21 14:00:58,64.48534
2018-12-21 07:48:19,64.32053
2018-12-21 02:33:06,64.28078
2018-12-21 02:19:24,64.32296
2018-12-21 02:13:41,64.30381
2018-12-20 12:52:21,64.25391
2018-12-20 12:47:22,64.39963
2018-12-20 12:36:53,64.39592
2018-12-20 03:37:56,64.24624
2018-12-20 03:37:14,64.33067
2018-12-20 02:36:35,64.34376
2018-12-19 21:02:33,64.30765
2018-12-19 13:13:13,64.29256
2018-12-19 09:22:11,64.32683
2018-12-19 05:46:19,64.28846
2018-12-18 16:57:52,64.31148
2018-12-18 13:37:57,64.32683
2018-12-18 12:49:11,64.28078
2018-12-18 02:59:53,64.29860
2018-12-17 09:28:36,64.26185
2018-12-17 08:55:07,64.01997
2018-12-17 07:58:10,63.95028
2018-12-17 07:56:28,63.95795
2018-12-17 07:56:06,64.06538
2018-12-17 07:54:08,64.00399
2018-12-17 07:51:21,64.00506
2018-12-17 07:34:25,63.98941
2018-12-17 07:05:12,64.04762
2018-12-17 07:03:51,63.93952
2018-12-17 06:53:20,63.97022
2018-12-17 02:06:59,63.95487
2018-12-16 13:51:25,63.94720
2018-12-14 20:17:53,64.03162
2018-12-14 14:43:34,64.09302
2018-12-14 13:21:08,64.06682
2018-12-14 03:50:57,63.99309
2018-12-14 02:51:58,64.05495
2018-12-13 16:27:26,63.93921
2018-12-13 14:01:36,64.04895
2018-12-13 11:09:08,64.01213
2018-12-13 09:07:17,63.94305
2018-12-13 08:49:06,64.00000
2018-12-12 08:13:29,64.00829
2018-12-12 06:23:58,64.04223
2018-12-12 06:23:19,63.99370
2018-12-12 06:08:01,63.98987
2018-12-11 10:00:30,63.92617
2018-12-11 09:12:18,63.85510
2018-12-11 09:09:37,63.75847
2018-12-11 07:59:02,63.80989
2018-12-11 07:10:42,63.79290
2018-12-11 07:02:18,63.70079
2018-12-11 06:51:03,63.78101
2018-12-11 02:40:22,63.73897
2018-12-11 02:33:03,63.74740
2018-12-10 11:04:00,63.82446
2018-12-10 09:16:56,63.78732
2018-12-10 08:59:09,63.72851
2018-12-10 08:28:15,63.67841
2018-12-10 08:19:19,63.68997
2018-12-10 05:43:11,63.75935
2018-12-10 05:39:16,63.74393
2018-12-10 05:32:45,63.73660
2018-12-10 05:13:22,63.75588
2018-12-10 03:25:22,63.82503
2018-12-10 02:50:24,63.81518
2018-12-10 02:31:23,63.76118
2018-12-08 13:43:27,63.92317
2018-12-08 13:37:59,63.69176
2018-12-07 14:29:40,63.70333
2018-12-07 10:25:18,63.74190
2018-12-07 08:48:57,63.67810
2018-12-07 03:17:41,63.74296
2018-12-07 02:13:05.637540,62.59583
2018-12-07 02:00:43,63.76085
2018-12-06 14:47:27,63.79556
2018-12-06 14:37:00,63.76012
2018-12-06 14:32:04,63.72156
2018-12-06 11:32:11,63.74470
2018-12-06 11:14:40,63.71524
2018-12-06 11:05:05,63.72541
2018-12-05 06:13:20,63.77382
2018-12-05 05:30:02,63.67142
2018-12-04 07:30:57,63.75453
2018-12-04 04:04:03,63.75453
2018-12-04 03:20:01,63.63110
2018-12-04 02:06:45,63.69842
2018-12-03 11:00:45,63.59044
2018-12-03 06:34:45,63.70613
2018-12-01 10:39:47,63.71982
2018-11-29 02:12:13,63.65214
2018-11-24 16:46:50,63.70685
2018-11-23 19:00:05,63.69842
2018-11-23 02:54:57,63.76012
2018-11-22 02:00:03,63.66757
2018-11-20 04:29:51,62.50224
2018-11-19 22:28:14.924510,62.48657
2018-11-19 10:51:51,63.60832
2018-11-19 09:01:27,63.52732
2018-11-19 04:30:59,63.50033
2018-11-16 22:10:46,63.47719
2018-11-16 02:20:33,62.49373
2018-11-16 02:03:50,63.46636
2018-11-14 09:29:19,62.47314
2018-11-13 10:51:19,47.33905
2018-11-13 09:44:29,47.31033
2018-11-13 08:05:38,63.58203
2018-11-13 06:15:50,63.56494
2018-11-13 02:08:16,63.56879
2018-11-12 12:00:11,47.34466
2018-11-12 02:29:55,63.51731
2018-11-10 01:49:26,63.54636
2018-11-09 08:31:42,63.64758
2018-11-09 06:09:06,63.48564
2018-11-08 09:24:52,63.55266
2018-11-08 06:14:50,63.56906
2018-11-08 05:41:10,63.43410
2018-11-08 04:25:29,63.51508
2018-11-08 03:44:46,63.48423
2018-11-08 03:44:05,63.47652
2018-11-08 03:27:07,63.53436
2018-11-08 00:21:43,63.51367
2018-11-07 09:43:55,63.57537
2018-11-07 06:21:42,63.44144
2018-11-07 06:16:55,63.41473
2018-11-06 13:08:41,63.52660
2018-11-06 09:16:21,63.49188
2018-11-06 09:09:00,63.53395
2018-11-06 09:06:10,63.40946
2018-11-06 07:40:46,63.42460
2018-11-06 04:15:29,63.50694
2018-11-05 05:53:45,62.38401
2018-11-05 05:47:23,63.52378
2018-11-05 02:49:10,63.46592
2018-11-02 14:05:45.197409,62.31458
2018-11-02 08:16:09,63.46213
2018-11-02 07:30:31,63.56132
2018-11-01 14:52:15,62.41690
2018-11-01 09:39:44,63.53499
2018-10-31 03:29:54,63.60382
2018-10-30 09:22:10,63.61747
2018-10-30 09:12:38,63.41351
2018-10-30 09:09:23,63.48211
2018-10-30 07:47:07,63.45518
2018-10-30 07:15:34,63.51814
2018-10-30 03:49:25,63.29455
2018-10-30 02:25:52,63.32473
2018-10-30 02:24:45,63.29246
2018-10-29 13:52:14,63.26932
2018-10-29 09:29:36,63.35940
2018-10-29 07:32:16,63.36958
2018-10-29 02:45:34,63.23076
2018-10-26 16:13:53,63.37729
2018-10-26 15:55:46,63.31174
2018-10-26 15:25:39,63.31174
2018-10-26 07:10:44,62.78935
2018-10-26 02:47:24,63.13055
2018-10-26 02:27:55,63.13055
2018-10-25 05:04:50,63.10212
2018-10-24 06:52:04,63.24574
2018-10-24 02:41:44,62.99930
2018-10-23 04:17:05,63.18107
2018-10-21 15:04:30,63.35256
2018-10-21 05:31:34,63.20056
2018-10-20 14:21:29,63.23174
2018-10-19 08:49:38,63.12197
2018-10-19 03:19:57,63.31995
2018-10-18 11:05:53,63.29725
2018-10-18 11:04:58,63.37123
2018-10-18 11:02:51,63.33229
2018-10-18 08:21:58,63.20302
2018-10-17 02:14:45,63.37023
2018-10-16 16:13:14,63.25329
2018-10-16 10:43:44,63.14198
2018-10-16 08:16:54,63.25120
2018-10-15 13:35:36,63.18237
2018-10-15 06:39:02,63.27073
2018-10-15 06:36:45,63.17701
2018-10-15 01:30:01,63.16283
2018-10-13 00:50:35,63.20191
2018-10-12 03:40:11,54.95492
2018-10-11 03:55:09,55.14403
2018-10-10 05:48:23,55.11283
2018-10-10 03:02:28,55.07366
2018-10-09 08:37:28,55.16242
2018-10-09 06:57:31,55.10364
2018-10-09 03:57:52,55.04487
2018-10-09 03:49:20,55.07229
2018-10-09 02:46:25,55.08262
2018-10-09 02:44:10,47.50061
2018-10-09 02:30:50,47.47603
2018-10-09 00:49:48,55.12570
2018-10-08 08:02:38,55.12961
2018-10-08 07:34:38,55.09828
2018-10-07 14:40:59,55.07871
2018-10-07 08:31:33,55.11379
2018-10-06 03:23:27,55.07462
2018-10-01 04:04:17,55.07070
2018-09-30 03:42:29,55.05504
2018-09-29 07:27:32,55.21967
2018-09-28 17:38:28,55.09045
2018-09-28 03:47:18,55.09045
2018-09-27 16:27:19.087167,54.56794
2018-09-27 02:43:29,55.03172
2018-09-26 11:14:16,55.01605
2018-09-26 09:09:45,55.03563
2018-09-26 09:08:44,54.90641
2018-09-26 03:40:00,54.96728
2018-09-26 03:18:08,54.92025
2018-09-25 09:46:30,55.00255
2018-09-25 07:08:09,55.01822
2018-09-21 09:59:18,55.06525
2018-09-21 02:35:53,54.99843
2018-09-21 02:13:36,54.94079
2018-09-21 00:57:27,54.97608
2018-09-20 03:32:08,55.05296
2018-09-20 02:50:41,55.01373
2018-09-19 13:05:55,54.96432
2018-09-19 09:28:43,55.06081
2018-09-19 04:43:47,55.02550
2018-09-19 03:18:59,55.04278
2018-09-19 01:04:00,54.98743
2018-09-18 23:35:10,55.07070
2018-09-18 09:21:38,55.12569
2018-09-18 02:21:37,55.03928
2018-09-18 02:07:32,55.06068
2018-09-17 09:51:07,47.46040
2018-09-17 08:50:38,47.46040
2018-09-17 08:36:21,55.09603
2018-09-17 07:50:17,55.06854
2018-09-17 02:57:17,55.06854
2018-09-14 16:33:01,55.12352
2018-09-14 16:32:11,55.08425
2018-09-14 01:03:41,55.09603
2018-09-13 06:46:24,54.90088
2018-09-12 08:01:25,55.04832
2018-09-12 01:35:19,55.02868
2018-09-11 10:22:26,55.03654
2018-09-11 08:03:08,55.02868
2018-09-11 07:32:25,54.99195
2018-09-11 04:55:51,55.03596
2018-09-11 04:54:46,55.00275
2018-09-11 04:21:09,54.96345
2018-09-08 01:42:34,55.09314
2018-09-07 08:53:47,55.04205
2018-09-07 08:52:44,54.96345
2018-09-07 00:46:04,55.01454
2018-09-06 14:38:38,55.00668
2018-09-06 11:22:51,55.03419
2018-09-05 06:55:54,54.56735
2018-09-05 06:47:08,54.96993
2018-09-05 03:31:52,55.00138
2018-09-04 11:22:06,55.02691
2018-09-04 09:34:49,54.96207
2018-09-03 08:52:51,55.06779
2018-09-02 15:18:52,55.03459
2018-09-02 08:11:52,55.06284
2018-08-31 12:10:28,55.14356
2018-08-31 10:04:02,54.74685
2018-08-28 10:06:49,54.84188
2018-08-28 09:31:22,54.76508
2018-08-28 08:03:41,54.82616
2018-08-28 07:38:00,54.76368
2018-08-27 01:42:50,47.42970
2018-08-23 08:37:08,54.89079
2018-08-23 08:09:58,54.78865
2018-08-20 11:08:51,47.34640
2018-08-17 07:54:16,55.00196
2018-08-15 08:27:21,54.74240
2018-08-15 03:07:50,54.67844
2018-08-15 02:39:02,54.59851
2018-08-15 02:24:08,54.50658
2018-08-13 07:44:34,54.63048
2018-08-13 02:57:54,54.65237
2018-08-09 09:58:10,54.68488
2018-08-09 09:51:28,54.61916
2018-08-09 03:28:12,54.53928
2018-08-09 03:13:59,54.50623
2018-08-09 03:00:39,54.57451
2018-08-07 13:41:00,54.58794
2018-08-07 09:49:03,54.66821
2018-08-07 09:40:28,54.23675
2018-08-07 07:18:55,54.25672
2018-08-07 03:17:31,54.61228
2018-08-07 02:34:51,54.24873
2018-08-07 02:31:56,54.23275
2018-08-07 01:59:26,54.25273
2018-08-06 07:41:14,54.27270
2018-08-06 06:19:57,54.25672
2018-08-06 03:59:56,54.28069
2018-08-06 02:41:51,54.26072
2018-08-04 10:10:37,54.27668
2018-08-03 08:07:29,54.32069
2018-08-03 03:51:35,54.27268
2018-08-02 10:01:54,53.81048
2018-08-02 08:34:10,54.30527
2018-08-02 07:47:00,54.26124
2018-08-02 06:08:49,54.32850
2018-08-02 05:58:42,54.59813
2018-08-01 03:26:04,54.26705
2018-08-01 02:29:11,54.24700
2018-08-01 02:27:49,54.21093
2018-08-01 01:59:41,54.20224
2018-08-01 01:23:27,54.20006
2018-08-01 00:16:06,54.17669
2018-07-31 05:19:58,54.19707
2018-07-31 05:13:51,54.11039
2018-07-31 03:39:50,54.19122
2018-07-27 07:54:31,54.06250
2018-07-27 04:43:15,54.16099
2018-07-26 12:21:01,54.23933
2018-07-26 09:41:36,54.19590
2018-07-26 09:30:12,54.17502
2018-07-26 08:24:07,54.14945
2018-07-26 01:44:56,54.11887
2018-07-25 10:31:52,54.18889
2018-07-25 05:44:29,54.15898
2018-07-25 05:33:26,54.05557
2018-07-25 02:32:39,54.01492
2018-07-25 01:50:06,54.12227
2018-07-24 16:34:40,54.15280
2018-07-24 14:29:52,54.03258
2018-07-24 08:25:24,54.10184
2018-07-24 06:15:37,54.10816
2018-07-24 05:06:34,54.11684
2018-07-23 06:58:25,54.13691
2018-07-23 02:39:57,54.10711
2018-07-21 03:01:33,54.20429
2018-07-20 02:58:44,54.19544
2018-07-18 13:42:42,54.17537
2018-07-18 13:37:30,54.14325
2018-07-18 13:12:12,54.14726
2018-07-18 12:35:19,54.14977
2018-07-18 09:17:40,54.14575
2018-07-18 02:42:04,54.14425
2018-07-18 02:12:25,53.06336
2018-07-17 15:54:32,54.15378
2018-07-17 14:55:25,54.28968
2018-07-17 14:50:15,53.05860
2018-07-17 14:22:01,53.02385
2018-07-17 14:07:50,53.06639
2018-07-17 11:26:18,52.94532
2018-07-17 05:36:52,53.04893
2018-07-17 04:54:53,52.92414
2018-07-16 23:33:48,53.05294
2018-07-16 13:59:40,53.04327
2018-07-16 13:11:24,53.01679
2018-07-16 02:26:54,52.89052
2018-07-16 01:49:34,52.95453
2018-07-13 23:22:34,53.12525
2018-07-13 23:20:41,53.05294
2018-07-13 07:08:47,53.06901
2018-07-12 14:04:22,53.02221
2018-07-12 12:52:46,53.08910
2018-07-12 10:25:17,53.07303
2018-07-12 08:57:56,53.06500
2018-07-12 07:58:34,53.01679
2018-07-12 05:54:53,53.05294
2018-07-11 10:12:47,54.28798
2018-07-11 08:58:51,53.03286
2018-07-11 08:20:44,53.00876
2018-07-11 08:18:04,53.08508
2018-07-11 01:54:44,53.06926
2018-07-10 11:47:03,53.07729
2018-07-10 03:43:16,53.12072
2018-07-09 14:32:24,53.12475
2018-07-09 13:05:35,53.13168
2018-07-09 13:02:24,53.10345
2018-07-09 10:31:28,53.13168
2018-07-09 10:25:38,53.16394
2018-07-09 10:22:34,53.07258
2018-07-09 09:00:19,53.08065
2018-07-09 08:19:02,53.11958
2018-07-09 07:41:42,53.09538
2018-07-09 07:30:31,53.01929
2018-07-09 06:44:50,52.94071
2018-07-09 06:17:16,53.03108
2018-07-09 06:16:43,52.96429
2018-07-09 06:01:29,52.09209
2018-07-08 18:15:52,52.97842
2018-07-08 18:09:23,52.11566
2018-07-06 20:02:40,52.96036
2018-07-06 16:59:48,52.05436
2018-07-06 12:26:16,52.19424
2018-07-05 16:49:34,52.09787
2018-07-05 02:38:09,52.16133
2018-07-05 02:34:11,52.06218
2018-07-04 08:42:39,52.18512
2018-07-03 10:13:41,52.10977
2018-07-03 08:04:45,52.11720
2018-07-02 02:03:17,52.14943
2018-06-29 06:16:32,51.20162
2018-06-29 02:09:41,51.09049
2018-06-29 02:05:22,51.07066
2018-06-29 02:00:22,51.14997
2018-06-28 08:18:31,51.15394
2018-06-27 16:43:03,50.93988
2018-06-27 09:54:34,51.10635
2018-06-27 08:20:52,52.20405
2018-06-27 07:00:22,50.98529
2018-06-27 02:55:30,50.98342
2018-06-26 05:06:14,50.80284
2018-06-26 03:05:48,50.90412
2018-06-26 01:48:15,50.82084
2018-06-25 11:53:11,50.84463
2018-06-25 06:31:23,50.60088
2018-06-22 10:17:24,50.56518
2018-06-21 13:29:23,50.25084
2018-06-21 04:02:15,50.04561
2018-06-21 01:40:32,50.02578
2018-06-20 08:42:05,50.05108
2018-06-19 13:24:55,50.91162
2018-06-19 06:06:55,50.04561
2018-06-19 05:59:32,50.02776
2018-06-19 05:53:58,50.05949
2018-06-19 03:02:01,50.91162
2018-06-19 02:18:08,49.40939
2018-06-15 08:33:39,49.33876
2018-06-15 07:48:24,50.47986
2018-06-15 07:41:38,50.40120
2018-06-15 06:10:40,50.31273
2018-06-14 10:11:50,50.42873
2018-06-14 08:47:31,50.38153
2018-06-14 02:14:50,49.80138
2018-06-14 01:06:28,49.81257
2018-06-13 09:48:53,49.82072
2018-06-13 06:33:24,49.98363
2018-06-12 08:50:28,49.61520
2018-06-12 07:36:13,49.60085
2018-06-11 09:37:50,49.53612
2018-06-11 09:37:33,49.50731
2018-06-11 09:02:55,49.51337
2018-06-11 07:53:36,49.51329
2018-06-11 06:19:47,49.50296
2018-06-11 06:13:00,49.51329
2018-06-11 05:59:38,49.45366
2018-06-11 05:50:51,49.51117
2018-06-11 03:15:38,49.50092
2018-06-11 03:04:40,49.52557
2018-06-11 02:16:49,49.52764
2018-06-11 02:11:45,49.52354
2018-06-08 09:08:20,49.45782
2018-06-08 03:41:08,49.10868
2018-06-08 03:12:31,48.97314
2018-06-07 11:30:58,49.04498
2018-06-07 11:06:41,48.94640
2018-06-07 09:20:42,48.60197
2018-06-07 08:57:45,48.08734
2018-06-07 02:11:46,48.16943
2018-06-06 14:37:25,43.20621
2018-06-06 10:46:32,48.09966
2018-06-06 08:27:13,43.19457
2018-06-06 08:23:47,43.15549
2018-06-06 07:57:20,43.12938
2018-06-06 07:32:37,47.53870
2018-06-06 03:26:39,42.66928
2018-06-06 02:56:39,42.63665
2018-06-06 02:42:16,42.74391
2018-06-06 02:30:19,42.49927
2018-06-06 02:12:01,42.71781
2018-06-06 01:44:52,42.50579
2018-06-05 11:12:33,42.53522
2018-06-05 08:02:55,42.57103
2018-06-05 07:59:29,42.52536
2018-06-05 06:09:20,42.47969
2018-06-05 03:17:21,42.51231
2018-06-01 12:47:09,42.51239
2018-06-01 12:13:39,42.56777
2018-06-01 12:05:37,42.13267
2018-06-01 10:10:18,42.13914
2018-06-01 09:18:25,42.48720
2018-06-01 08:50:02,42.51745
2018-06-01 08:43:34,42.51866
2018-06-01 08:08:32,42.48809
2018-06-01 07:32:55,42.49348
2018-06-01 07:02:53,42.53398
2018-06-01 06:42:00,42.36661
2018-06-01 06:01:02,42.49813
2018-06-01 05:07:03,42.39091
2018-06-01 04:29:34,41.56978
2018-05-31 08:21:55,41.25715
2018-05-31 08:11:00,41.21349
2018-05-31 08:07:20,41.20142
2018-05-31 03:16:54,41.17550
2018-05-31 02:49:26,41.14896
2018-05-31 02:26:41,41.12243
2018-05-31 02:23:11,41.12243
2018-05-30 02:10:06,40.78411
2018-05-29 09:48:55,40.75757
2018-05-29 09:32:29,40.86703
2018-05-28 06:46:09,40.50881
2018-05-28 02:21:15,40.42539
2018-05-25 15:59:42,40.43204
2018-05-25 02:28:21,40.46195
2018-05-25 02:14:03,40.45332
2018-05-25 02:11:07,40.40015
2018-05-24 10:29:06,40.45358
2018-05-24 09:06:06,40.46250
2018-05-24 08:32:33,40.45959
2018-05-24 08:28:21,40.43302
2018-05-24 07:43:55,40.44579
2018-05-24 06:44:13,40.41018
2018-05-24 02:15:38,40.43472
2018-05-23 08:41:32,40.43480
2018-05-23 02:26:25,40.42348
2018-05-23 02:10:46,40.46139
2018-05-22 11:27:21,40.42150
2018-05-22 07:25:35,40.90764
2018-05-22 06:59:06,40.44746
2018-05-21 08:21:42,40.46076
2018-05-20 08:02:38,40.40122
2018-05-20 06:37:53,40.46076
2018-05-18 06:49:35,40.44746
2018-05-18 05:01:53,40.49389
2018-05-17 10:06:50,40.43614
2018-05-17 09:53:16,40.43282
2018-05-17 09:32:43,40.42284
2018-05-17 08:21:30,40.43416
2018-05-17 08:19:17,40.40092
2018-05-17 08:04:19,40.46005
2018-05-17 05:03:20,40.45007
2018-05-17 03:51:17,40.43678
2018-05-16 09:01:29,40.48007
2018-05-16 06:11:45,40.44350
2018-05-16 02:10:21,40.45680
2018-05-15 10:52:54,40.18751
2018-05-15 09:42:52,40.14429
2018-05-15 08:48:49,40.16756
2018-05-15 07:20:32,40.01928
2018-05-15 05:33:52,39.81315
2018-05-15 02:08:45,39.82645
2018-05-15 01:59:15,39.81878
2018-05-14 13:25:19,35.48554
2018-05-14 11:51:31,39.65821
2018-05-14 11:25:42,39.69146
2018-05-14 08:30:31,39.70808
2018-05-14 08:05:42,39.70642
2018-05-14 07:55:55,39.68641
2018-05-14 07:52:25,39.65967
2018-05-14 07:48:41,39.52996
2018-05-14 07:47:35,39.35512
2018-05-14 07:28:36,39.34167
2018-05-14 06:06:40,39.28451
2018-05-14 02:49:08,39.34167
2018-05-14 02:43:31,39.32834
2018-05-14 02:24:00,39.34167
2018-05-13 00:30:03,39.24417
2018-05-12 12:49:49,39.22736
2018-05-12 12:48:17,39.23072
2018-05-12 12:44:10,39.24357
2018-05-12 12:35:49,39.25029
2018-05-11 09:09:02,39.23012
2018-05-10 03:05:03,35.46940
2018-05-10 02:40:36,35.46294
2018-05-09 10:50:52,38.77489
2018-05-09 09:53:16,38.77620
2018-05-09 08:40:06,38.75938
2018-05-09 07:28:56,37.93185
2018-05-09 07:15:01,37.93857
2018-05-09 06:50:16,37.95412
2018-05-09 06:44:08,37.92802
2018-05-09 05:08:10,37.93730
2018-05-09 03:00:32,37.94147
2018-05-05 08:49:13,38.02676
2018-05-04 11:13:02,38.09699
2018-05-04 05:32:34,38.01547
2018-05-04 02:53:03,37.74638
2018-05-04 00:10:00,38.07372
2018-05-03 08:26:42,37.74638
2018-05-03 08:26:12,36.33712
2018-05-03 08:23:08,36.20863
2018-05-03 07:07:34,36.15243
2018-05-03 05:52:08,36.23947
2018-05-03 05:45:53,36.11380
2018-05-02 09:31:00,36.19226
2018-05-02 09:04:27,35.55197
2018-05-02 07:21:52,36.02118
2018-05-02 06:26:39,35.51001
2018-04-30 10:20:57,35.79083
2018-04-30 10:13:44,35.52615
2018-04-30 10:01:16,35.55520
2018-04-30 09:53:10,35.74864
2018-04-28 12:26:14,37.63657
2018-04-28 09:42:06,35.41700
2018-04-28 09:06:40,35.60017
2018-04-27 06:06:45,35.46617
2018-04-26 13:41:45,35.56969
2018-04-26 11:49:30,35.45648
2018-04-26 10:51:02,35.53562
2018-04-26 07:54:41,35.50334
2018-04-26 07:07:29,35.45971
2018-04-26 07:04:34,35.51136
2018-04-26 07:02:31,35.47585
2018-04-26 02:48:55,35.45648
2018-04-25 13:01:39,35.43388
2018-04-24 07:26:57,35.41747
2018-04-24 06:00:32,35.40363
2018-04-24 02:21:04,35.40188
2018-04-23 13:44:01,35.40511
2018-04-23 04:19:33,35.42299
2018-04-23 03:28:22,35.23106
2018-04-23 02:31:54,35.26021
2018-04-23 02:16:47,35.40040
2018-04-21 15:08:43,35.22459
2018-04-21 14:55:51,35.18435
2018-04-21 07:06:51,35.26669
2018-04-21 06:27:15,35.25944
2018-04-21 06:25:06,35.23887
2018-04-21 06:20:09,35.21619
2018-04-21 06:10:07,35.23239
2018-04-21 06:08:03,34.51984
2018-04-21 05:50:22,34.52955
2018-04-20 08:02:34,34.54575
2018-04-20 07:44:36,35.52062
2018-04-19 02:23:19,34.50688
2018-04-18 09:00:05,34.56518
2018-04-17 10:07:13,34.49817
2018-04-16 11:59:46,34.80513
2018-04-16 01:54:13,34.55870
2018-04-15 07:44:59,34.67911
2018-04-15 06:32:46,33.63468
2018-04-14 13:16:38,34.55046
2018-04-14 12:58:48,33.48741
2018-04-14 12:52:26,33.48741
2018-04-14 07:08:50,34.54899
2018-04-12 06:22:32,34.52955
2018-04-10 08:23:27,34.57490
2018-04-10 07:16:06,34.53603
2018-04-10 03:47:50,34.52955
2018-04-10 02:37:25,32.27252
2018-04-09 14:55:56,32.30867
2018-04-09 11:39:05,32.25416
2018-04-09 11:33:32,32.18684
2018-04-09 11:02:53,31.25892
2018-04-09 09:56:40,32.18408
2018-04-09 08:32:44,32.25914
2018-04-09 08:27:22,34.52720
2018-04-09 08:13:21,31.29811
2018-04-09 06:01:59,32.18684
2018-04-08 13:57:26,35.23563
2018-04-08 13:01:44,32.17275
2018-04-08 11:22:28,32.30546
2018-04-08 09:57:35,31.26475
2018-04-08 09:20:01,31.26785
2018-04-08 07:13:10,32.14849
2018-04-08 02:30:00,32.16062
2018-04-08 02:23:46,32.16365
2018-04-08 02:21:43,32.10482
2018-04-07 07:46:18,32.14113
2018-04-06 04:26:26,32.12297
2018-04-05 03:54:17,32.17744
2018-04-05 03:51:44,32.13205
2018-04-04 10:17:17,31.60857
2018-04-04 08:19:42,31.59949
2018-04-04 07:07:35,31.63278
2018-04-04 06:33:42,31.58436
2018-04-04 03:53:05,31.59647
2018-04-04 03:01:26,31.59647
2018-04-03 02:35:35,31.52717
2018-03-29 13:16:18,31.58166
2018-03-28 08:49:02,34.43857
2018-03-28 07:00:00,31.59679
2018-03-28 01:43:06,31.56955
2018-03-25 06:34:49,31.58771
2018-03-25 06:10:09,31.61798
2018-03-21 09:14:48,31.55744
2018-03-20 02:59:53,31.62101
2018-03-20 01:47:42,31.56652
2018-03-15 08:01:03,31.64220
2018-03-14 12:29:27,31.56955
2018-03-14 09:18:59,31.57560
2018-03-14 08:03:24,31.58166
2018-03-14 07:43:54,31.57560
2018-03-13 06:22:23,31.57257
2018-03-13 05:54:25,31.55138
2018-03-12 05:56:12,31.58166
2018-03-11 01:45:27,31.59679
2018-03-11 00:36:59,31.57560
2018-03-09 08:06:13,31.59679
2018-03-09 01:02:18,31.59074
2018-03-05 02:43:46,33.01254
2018-03-05 02:34:41,32.97786
2018-03-02 10:14:44,33.13488
2018-03-01 06:58:01,33.07708
2018-02-27 12:22:47,33.09265
2018-02-27 12:19:36,32.91647
2018-02-27 05:34:16,32.84121
2018-02-26 10:02:35,32.99734
2018-02-26 09:55:36,33.04838
2018-02-26 09:44:23,32.99734
2018-02-26 08:23:11,32.93574
2018-02-26 07:43:05,32.94440
2018-02-26 07:41:09,32.04433
2018-02-22 09:57:41,32.33932
2018-02-22 09:27:07,32.46663
2018-02-20 10:45:49,32.37389
2018-02-20 06:55:25,32.39424
2018-02-13 05:34:11,32.58824
2018-02-12 03:11:11,32.44926
2018-02-11 07:51:46,32.45490
2018-02-09 07:20:22,32.48675
2018-02-09 02:58:14,32.39902
2018-02-08 13:13:57,32.34689
2018-02-08 12:43:31,32.39322
2018-02-08 08:20:00,32.44535
2018-02-08 08:09:21,32.35558
2018-02-08 05:50:19,32.39033
2018-02-07 10:50:29,32.49168
2018-02-07 09:24:56,32.08339
2018-02-07 06:57:35,31.19337
2018-02-06 02:41:26,32.19632
2018-02-03 00:20:37,32.19632
2018-01-30 02:54:02,32.10945
2018-01-30 02:14:41,32.31794
2018-01-30 01:56:38,32.14999
2018-01-29 13:01:51,32.12393
2018-01-26 07:45:12,32.29767
2018-01-25 11:24:48,32.22817
2018-01-25 09:41:47,32.10366
2018-01-25 07:10:51,32.12104
2018-01-25 02:32:30,31.63929
2018-01-24 04:12:46,31.81053
2018-01-22 03:42:18,31.76409
2018-01-21 00:35:08,31.74958
2018-01-19 13:21:47,31.77133
2018-01-19 08:51:26,31.88019
2018-01-19 07:33:23,31.78731
2018-01-18 08:59:14,31.72926
2018-01-17 14:45:08,31.68282
2018-01-17 09:19:45,31.90341
2018-01-16 06:58:04,31.83454
2018-01-16 06:31:37,31.74456
2018-01-16 03:14:18,31.74165
2018-01-11 03:27:53,27.66991
2018-01-10 11:50:02,27.59052
2018-01-10 08:26:29,27.59774
2018-01-05 07:01:32,27.70282
2018-01-05 03:20:45,27.54889
2017-12-29 13:59:31,27.70041
2017-12-25 09:33:16,27.53686
2017-12-21 08:02:19,27.56332
2017-12-14 10:48:16,27.52002
2017-12-05 03:35:15,27.59334
