timestamp,Commit Hash,Code Coverage
2021-12-27T14:04:35Z,589a8a993a29b621295a38b0efef74e81cc8638a,65.6185919343814
2021-12-27T13:48:50Z,4548eaa84bba1a0d8a50da9e337e8ebb879daa08,65.6185919343814
2021-12-27T13:48:31Z,95a787c3b64e50975f96fd6681af94e748c2381d,65.6185919343814
2021-09-28T16:15:57Z,39b907d76c8d9ab43aedc7ca5839a291bba7a077,65.6185919343814
2021-08-29T04:27:59Z,12fa402375a562c8242ddf8af8ed60d556002913,65.6185919343814
2021-07-10T13:49:08Z,0ec111e38a4f4458d16d4b0299cfe0f6ae86464a,65.6185919343814
2021-06-06T14:45:15Z,96d6a12d3b148e56b585fa397f0f7746d26c426d,65.6185919343814
2021-05-16T21:10:19Z,84ab5488a862b2aaca9dac669f9b65cd6d358dbb,65.6185919343814
2021-04-19T13:56:30Z,c3db1e6dba63ea81201c7f9f454bdad65809b137,65.61859193438141
2021-03-17T21:17:47Z,424cfa2a7a5bae51215ec531d4b3e7ab4229ff90,65.61859193438141
2021-03-09T22:13:17Z,6a437b670f2053ff4b0d6154ebe5e1556de55403,65.61859193438141
2021-03-05T19:32:45Z,d81b49ad9c93766e13f3345c7137c1b89700148d,65.61859193438141
2021-01-11T18:54:19Z,453f2fc7bbbd8477c421b446e66be9e80fe9b045,65.61859193438141
2021-01-08T19:39:53Z,039a257872fc7c17eecf131d50f584c132f13552,65.61859193438141
2021-01-05T15:32:31Z,077dba937e95c5b757385320ed8418bd2941997b,64.82106684672519
2021-01-03T13:53:52Z,0efd97fa7f20a076ca99f9d99ebb20f56de77560,64.82106684672519
2021-01-02T23:29:10Z,29fd5da340c91dfb78f5903ec70935d6ab1f644a,64.82106684672519
2021-01-02T16:25:34Z,36d0788066273e66cb3602fb4222da76ca2faad9,64.93943472409153
2021-01-02T15:06:12Z,e906f6535e796dbc5311052b56ce18f5c784fa8f,64.93943472409153
2020-12-31T05:49:40Z,7cded762910bff31838c009773a384afc6072fac,64.93943472409153
2020-12-30T00:33:46Z,49c4cac6eac34989f5e0b53d2e3225e90377f8c1,64.93943472409153
2020-12-29T23:53:00Z,8c61fb6ecab38e2cd906fb00b3cbd5f9fecd2e1e,64.93943472409153
2020-11-21T18:17:57Z,ce0b5bc0ae669e7d4d7bc1c2b535b84d9a133237,64.93943472409153
2020-11-21T17:34:33Z,ee1734f94acbc64fff38312341a3a774ce74ac57,64.93943472409153
2020-11-21T16:43:01Z,1d11de7ad2a65aab0f8275f289dbe77244b01d34,64.93943472409153
2020-11-21T16:41:24Z,43bf96fa0a9372efabebb0294feda9aee82e310c,64.93943472409153
2020-11-21T16:39:20Z,8c6cd34296178f915f326034eae9c5df4d7ebb6e,64.93943472409153
2020-11-21T16:37:51Z,480da115883c85e3ba1babb52b4994b03cfc16b7,64.93943472409153
2020-11-21T16:36:21Z,aa4a4d79c3b23b254ecf5b6a631c7a144f94421f,64.93943472409153
2020-11-21T16:35:43Z,aac1ee4f5d03e815e663cbecf50b97832342d5cf,64.93943472409153
2020-11-21T16:34:45Z,99d6c4da720839dab90b0d3e8a1be51edb202bdb,64.93943472409153
2020-11-21T02:31:55Z,f88c24c441ce7ae544ad9f75b2a25ee8055f34d3,64.93943472409153
2020-11-21T00:40:28Z,8ac08e48c0be14a6aee7626f666545eb8316f523,64.93943472409153
2020-11-20T23:35:50Z,15e185f1ad043e5a129932779099ac1983ff0e78,64.93943472409153
2020-10-30T14:41:25Z,827e817254c7659bc5860a28856c45e8a09595d3,64.93943472409153
